,instant,date,season,year,month,holiday,weekday,workingday,weathersit,temperature,feels_like_temperature,humidity,windspeed,casual,registered,count
0,1,2011-01-01,Spring,2011,January,No,Saturday,No,Cloudy or Misty,8.175849,7.99925,80.58330000000001,10.749882,331,654,985
1,2,2011-01-02,Spring,2011,January,No,Sunday,No,Cloudy or Misty,9.083466000000001,7.3467740000000035,69.6087,16.652113,131,670,801
2,3,2011-01-03,Spring,2011,January,No,Monday,Yes,Clear,1.229108,-3.499270000000001,43.7273,16.636703,120,1229,1349
3,4,2011-01-04,Spring,2011,January,No,Tuesday,Yes,Clear,1.4000000000000004,-1.9999479999999998,59.0435,10.739832,108,1454,1562
4,5,2011-01-05,Spring,2011,January,No,Wednesday,Yes,Clear,2.6669789999999995,-0.8681800000000006,43.695699999999995,12.522300000000001,82,1518,1600
5,6,2011-01-06,Spring,2011,January,No,Thursday,Yes,Clear,1.6043559999999992,-0.6082059999999991,51.8261,6.0008684,88,1518,1606
6,7,2011-01-07,Spring,2011,January,No,Friday,Yes,Cloudy or Misty,1.2365340000000007,-2.2166259999999998,49.8696,11.304642,148,1362,1510
7,8,2011-01-08,Spring,2011,January,No,Saturday,No,Cloudy or Misty,-0.24499999999999922,-5.291236,53.5833,17.875868,68,891,959
8,9,2011-01-09,Spring,2011,January,No,Sunday,No,Clear,-1.4983489999999993,-8.33245,43.416700000000006,24.25065,54,768,822
9,10,2011-01-10,Spring,2011,January,No,Monday,Yes,Clear,-0.9108490000000007,-6.041392,48.2917,14.958889,41,1280,1321
10,11,2011-01-11,Spring,2011,January,No,Tuesday,Yes,Cloudy or Misty,-0.0527230000000003,-3.3633760000000006,68.6364,8.182844000000001,43,1220,1263
11,12,2011-01-12,Spring,2011,January,No,Wednesday,Yes,Clear,0.11816899999999997,-5.408782,59.954499999999996,20.410009,25,1137,1162
12,13,2011-01-13,Spring,2011,January,No,Thursday,Yes,Clear,-0.24499999999999922,-6.041722,47.0417,20.166999999999998,38,1368,1406
13,14,2011-01-14,Spring,2011,January,No,Friday,Yes,Clear,-0.43910999999999945,-3.5647420000000007,53.7826,8.478716,54,1367,1421
14,15,2011-01-15,Spring,2011,January,No,Saturday,No,Cloudy or Misty,2.9666510000000006,0.3753920000000015,49.875,10.583521,222,1026,1248
15,16,2011-01-16,Spring,2011,January,No,Sunday,No,Clear,2.888349,-0.5416779999999992,48.375,12.625010999999999,251,953,1204
16,17,2011-01-17,Spring,2011,January,Yes,Monday,No,Cloudy or Misty,0.264151,-4.333113999999998,53.75,12.999139,117,883,1000
17,18,2011-01-18,Spring,2011,January,No,Tuesday,Yes,Cloudy or Misty,2.1833489999999998,-0.6660219999999999,86.16669999999999,9.833924999999999,9,674,683
18,19,2011-01-19,Spring,2011,January,No,Wednesday,Yes,Cloudy or Misty,5.732177999999999,3.695852000000002,74.1739,13.957239,78,1572,1650
19,20,2011-01-20,Spring,2011,January,No,Thursday,Yes,Cloudy or Misty,4.298349,0.8333000000000013,53.833299999999994,13.125568,83,1844,1927
20,21,2011-01-21,Spring,2011,January,No,Friday,Yes,Clear,0.34249999999999936,-5.583022,45.7083,23.667214,75,1468,1543
21,22,2011-01-22,Spring,2011,January,No,Saturday,No,Clear,-5.2208711999999995,-10.7814064,40.0,11.52199,93,888,981
22,23,2011-01-23,Spring,2011,January,No,Sunday,No,Clear,-3.4634801,-9.4766194,43.6522,16.5222,150,836,986
23,24,2011-01-24,Spring,2011,January,No,Monday,Yes,Clear,-3.4226089,-8.21662,49.173899999999996,10.60811,86,1330,1416
24,25,2011-01-25,Spring,2011,January,No,Tuesday,Yes,Cloudy or Misty,2.5034660000000013,-0.5212839999999996,61.695699999999995,8.696332,186,1799,1985
25,26,2011-01-26,Spring,2011,January,No,Wednesday,Yes,Light Rain/Snow,2.2225,-2.5624000000000002,86.25,19.68795,34,472,506
26,27,2011-01-27,Spring,2011,January,No,Thursday,Yes,Clear,1.165000000000001,-1.4998000000000005,68.75,7.627078999999999,15,416,431
27,28,2011-01-28,Spring,2011,January,No,Friday,Yes,Cloudy or Misty,1.563466,-1.2610780000000013,79.30430000000001,8.2611,38,1129,1167
28,29,2011-01-29,Spring,2011,January,No,Saturday,No,Clear,1.2365340000000007,-1.9996840000000002,65.17389999999999,9.739455,123,975,1098
29,30,2011-01-30,Spring,2011,January,No,Sunday,No,Clear,2.176534,0.5212520000000005,72.2174,4.956834199999999,140,956,1096
30,31,2011-01-31,Spring,2011,January,No,Monday,Yes,Cloudy or Misty,0.49915099999999946,-3.7074999999999996,60.375,12.541864,42,1459,1501
31,32,2011-02-01,Spring,2011,February,No,Tuesday,Yes,Cloudy or Misty,1.032178,-0.52102,82.9565,3.565271,47,1313,1360
32,33,2011-02-02,Spring,2011,February,No,Wednesday,Yes,Cloudy or Misty,4.220000000000001,0.7915220000000005,77.5417,17.708636,72,1454,1526
33,34,2011-02-03,Spring,2011,February,No,Thursday,Yes,Clear,0.7869790000000005,-4.260052,43.7826,18.609384,61,1489,1550
34,35,2011-02-04,Spring,2011,February,No,Friday,Yes,Cloudy or Misty,1.9312880000000003,-0.913257999999999,58.521699999999996,8.565213,88,1620,1708
35,36,2011-02-05,Spring,2011,February,No,Saturday,No,Cloudy or Misty,2.9666510000000006,0.041827999999998866,92.91669999999999,10.792293,100,905,1005
36,37,2011-02-06,Spring,2011,February,No,Sunday,No,Clear,5.434151,3.2502860000000027,56.833299999999994,9.5006,354,1269,1623
37,38,2011-02-07,Spring,2011,February,No,Monday,Yes,Clear,4.768348999999999,4.041428,73.83330000000001,3.0423561,120,1592,1712
38,39,2011-02-08,Spring,2011,February,No,Tuesday,Yes,Clear,2.3791510000000002,-2.9157639999999994,53.7917,24.25065,64,1466,1530
39,40,2011-02-09,Spring,2011,February,No,Wednesday,Yes,Cloudy or Misty,-1.6651990000000003,-6.477322000000001,49.4783,12.652213,53,1552,1605
40,41,2011-02-10,Spring,2011,February,No,Thursday,Yes,Clear,-1.2156440000000002,-6.129832,43.7391,14.869645,47,1491,1538
41,42,2011-02-11,Spring,2011,February,No,Friday,Yes,Clear,0.887277000000001,-1.9084059999999994,50.6364,7.272849999999999,149,1597,1746
42,43,2011-02-12,Spring,2011,February,No,Saturday,No,Clear,2.4574999999999996,-0.6250359999999997,54.4167,13.625589,288,1184,1472
43,44,2011-02-13,Spring,2011,February,No,Sunday,No,Clear,6.876534000000001,5.391458,45.7391,17.479160999999998,397,1192,1589
44,45,2011-02-14,Spring,2011,February,No,Monday,Yes,Clear,11.504999999999999,10.2911,37.583299999999994,27.999836,208,1705,1913
45,46,2011-02-15,Spring,2011,February,No,Tuesday,Yes,Clear,4.506089000000001,0.7820840000000011,31.434800000000003,19.522058,140,1675,1815
46,47,2011-02-16,Spring,2011,February,No,Wednesday,Yes,Clear,6.958267000000001,4.869199999999999,42.3478,16.869996999999998,218,1897,2115
47,48,2011-02-17,Spring,2011,February,No,Thursday,Yes,Clear,12.484151,12.291428,50.5,15.416968,259,2216,2475
48,49,2011-02-18,Spring,2011,February,No,Friday,Yes,Clear,16.518349,17.790878,51.6667,17.749975000000003,579,2348,2927
49,50,2011-02-19,Spring,2011,February,No,Saturday,No,Clear,10.760849,9.832663999999998,18.7917,34.000021,532,1103,1635
50,51,2011-02-20,Spring,2011,February,No,Sunday,No,Clear,5.405199,2.3037799999999997,40.7826,14.956745,639,1173,1812
51,52,2011-02-21,Spring,2011,February,Yes,Monday,No,Cloudy or Misty,6.2566510000000015,2.7489500000000007,60.5,20.625682,195,912,1107
52,53,2011-02-22,Spring,2011,February,No,Tuesday,Yes,Clear,0.5644340000000003,-3.7218219999999995,57.7778,13.110761,74,1376,1450
53,54,2011-02-23,Spring,2011,February,No,Wednesday,Yes,Clear,2.4217329999999997,0.21732199999999935,42.3043,6.3055710000000005,139,1778,1917
54,55,2011-02-24,Spring,2011,February,No,Thursday,Yes,Cloudy or Misty,5.895644000000001,3.0866059999999997,69.7391,16.783231999999998,100,1707,1807
55,56,2011-02-25,Spring,2011,February,No,Friday,Yes,Cloudy or Misty,9.124355999999999,7.130426,71.2174,23.218113,120,1341,1461
56,57,2011-02-26,Spring,2011,February,No,Saturday,No,Clear,5.277499999999998,2.6246720000000003,53.7917,12.500257,424,1545,1969
57,58,2011-02-27,Spring,2011,February,No,Sunday,No,Clear,8.143466,7.173193999999999,68.0,8.391615999999999,694,1708,2402
58,59,2011-02-28,Spring,2011,February,No,Monday,Yes,Cloudy or Misty,11.141831,10.407787999999996,87.63640000000001,19.408962,81,1365,1446
59,60,2011-03-01,Spring,2011,March,No,Tuesday,Yes,Clear,4.533348999999999,1.416013999999997,53.5,14.500475,137,1714,1851
60,61,2011-03-02,Spring,2011,March,No,Wednesday,Yes,Clear,7.745000000000001,5.1246860000000005,44.9583,20.624811,231,1903,2134
61,62,2011-03-03,Spring,2011,March,No,Thursday,Yes,Clear,1.321651000000001,-2.7912219999999994,31.833299999999998,15.125518000000001,123,1562,1685
62,63,2011-03-04,Spring,2011,March,No,Friday,Yes,Cloudy or Misty,4.298349,0.8748140000000006,61.0417,13.624182,214,1730,1944
63,64,2011-03-05,Spring,2011,March,No,Saturday,No,Cloudy or Misty,10.055848999999998,8.999413999999998,78.91669999999999,16.875357,640,1437,2077
64,65,2011-03-06,Spring,2011,March,No,Sunday,No,Cloudy or Misty,9.696534,8.172632,94.8261,23.000229,114,491,605
65,66,2011-03-07,Spring,2011,March,No,Monday,Yes,Clear,4.3017330000000005,-0.26157399999999953,55.1304,22.870584,244,1628,1872
66,67,2011-03-08,Spring,2011,March,No,Tuesday,Yes,Clear,5.747499999999999,3.958400000000001,42.0833,8.083549999999999,316,1817,2133
67,68,2011-03-09,Spring,2011,March,No,Wednesday,Yes,Cloudy or Misty,5.904151000000001,2.916127999999997,77.5417,14.750050000000002,191,1700,1891
68,69,2011-03-10,Spring,2011,March,No,Thursday,Yes,Light Rain/Snow,10.287277,9.454088000000002,0.0,17.545759,46,577,623
69,70,2011-03-11,Spring,2011,March,No,Friday,Yes,Cloudy or Misty,6.876534000000001,4.129999999999999,64.95649999999999,15.60899,247,1730,1977
70,71,2011-03-12,Spring,2011,March,No,Saturday,No,Clear,7.470848999999999,5.499499999999998,59.458299999999994,14.791924999999999,724,1408,2132
71,72,2011-03-13,Spring,2011,March,No,Sunday,No,Clear,10.064356,9.086006000000001,52.73910000000001,18.130468,982,1435,2417
72,73,2011-03-14,Spring,2011,March,No,Monday,Yes,Clear,7.285198999999999,5.912000000000003,49.695699999999995,9.174042,359,1687,2046
73,74,2011-03-15,Spring,2011,March,No,Tuesday,Yes,Cloudy or Misty,6.917376999999998,4.999748,65.5652,12.348703,289,1767,2056
74,75,2011-03-16,Spring,2011,March,No,Wednesday,Yes,Cloudy or Misty,9.165199000000001,8.217379999999999,77.65220000000001,13.608839,321,1871,2192
75,76,2011-03-17,Spring,2011,March,No,Thursday,Yes,Clear,11.504999999999999,11.081978,60.291700000000006,14.041792999999998,424,2320,2744
76,77,2011-03-18,Spring,2011,March,No,Friday,Yes,Clear,17.380000000000003,18.782593999999996,52.5217,15.478139,884,2355,3239
77,78,2011-03-19,Spring,2011,March,No,Saturday,No,Clear,14.2075,14.790650000000003,37.9167,24.667189,1424,1693,3117
78,79,2011-03-20,Spring,2011,March,No,Sunday,No,Clear,7.627500000000001,5.499499999999998,47.375,13.917307,1047,1424,2471
79,80,2011-03-21,Summer,2011,March,No,Monday,Yes,Cloudy or Misty,12.230445,11.04251,73.73910000000001,19.348461,401,1676,2077
80,81,2011-03-22,Summer,2011,March,No,Tuesday,Yes,Clear,12.758348999999999,13.082372,62.4583,15.125250000000001,460,2243,2703
81,82,2011-03-23,Summer,2011,March,No,Wednesday,Yes,Cloudy or Misty,8.306979000000002,6.303974,83.9565,15.695487,203,1918,2121
82,83,2011-03-24,Summer,2011,March,No,Thursday,Yes,Cloudy or Misty,5.395,1.8749779999999987,80.58330000000001,16.333729,166,1699,1865
83,84,2011-03-25,Summer,2011,March,No,Friday,Yes,Clear,4.415849,0.9165919999999979,49.5,15.458575000000002,300,1910,2210
84,85,2011-03-26,Summer,2011,March,No,Saturday,No,Clear,4.494150999999999,0.9996860000000005,39.4167,14.041257,981,1515,2496
85,86,2011-03-27,Summer,2011,March,No,Sunday,No,Cloudy or Misty,3.893021000000001,0.5223739999999992,49.3913,12.348099999999999,472,1221,1693
86,87,2011-03-28,Summer,2011,March,No,Monday,Yes,Clear,4.424356000000001,0.9998840000000015,30.2174,14.217668,222,1806,2028
87,88,2011-03-29,Summer,2011,March,No,Tuesday,Yes,Clear,6.217499999999999,3.3319280000000013,31.4167,15.208732,317,2108,2425
88,89,2011-03-30,Summer,2011,March,No,Wednesday,Yes,Cloudy or Misty,6.1,3.6250999999999998,64.6667,11.583495999999998,168,1368,1536
89,90,2011-03-31,Summer,2011,March,No,Thursday,Yes,Light Rain/Snow,4.611651,0.9999499999999983,91.8333,14.582282000000001,179,1506,1685
90,91,2011-04-01,Summer,2011,April,No,Friday,Yes,Cloudy or Misty,6.1,2.7079640000000005,68.625,17.333436,307,1920,2227
91,92,2011-04-02,Summer,2011,April,No,Saturday,No,Cloudy or Misty,6.805,4.832042000000001,65.375,13.208782,898,1354,2252
92,93,2011-04-03,Summer,2011,April,No,Sunday,No,Clear,9.781651,8.998622000000001,48.0,12.208271000000002,1651,1598,3249
93,94,2011-04-04,Summer,2011,April,No,Monday,Yes,Clear,18.946651,19.833314,42.625,25.833257,734,2381,3115
94,95,2011-04-05,Summer,2011,April,No,Tuesday,Yes,Cloudy or Misty,11.465848999999999,10.2911,64.2083,26.000488999999998,167,1628,1795
95,96,2011-04-06,Summer,2011,April,No,Wednesday,Yes,Clear,10.369150999999999,9.582128,47.0833,17.625221,413,2395,2808
96,97,2011-04-07,Summer,2011,April,No,Thursday,Yes,Clear,12.5625,12.623936,60.291700000000006,10.874904,571,2570,3141
97,98,2011-04-08,Summer,2011,April,No,Friday,Yes,Cloudy or Misty,7.784151,5.4156140000000015,83.625,15.208464,172,1299,1471
98,99,2011-04-09,Summer,2011,April,No,Saturday,No,Cloudy or Misty,8.0975,6.540914000000001,87.75,8.916561,879,1576,2455
99,100,2011-04-10,Summer,2011,April,No,Sunday,No,Cloudy or Misty,12.053349,12.164641999999997,85.75,9.833389,1188,1707,2895
100,101,2011-04-11,Summer,2011,April,No,Monday,Yes,Cloudy or Misty,19.995644,21.304322,71.6956,21.739758,855,2493,3348
101,102,2011-04-12,Summer,2011,April,No,Tuesday,Yes,Cloudy or Misty,15.617499999999996,16.541564,73.9167,18.416892999999998,257,1777,2034
102,103,2011-04-13,Summer,2011,April,No,Wednesday,Yes,Cloudy or Misty,11.3875,11.540678,81.91669999999999,16.791338999999997,209,1953,2162
103,104,2011-04-14,Summer,2011,April,No,Thursday,Yes,Clear,13.9725,14.540972,54.041700000000006,7.4169,529,2738,3267
104,105,2011-04-15,Summer,2011,April,Yes,Friday,No,Clear,12.993348999999998,13.166258,67.125,15.167124999999999,642,2484,3126
105,106,2011-04-16,Summer,2011,April,No,Saturday,No,Light Rain/Snow,12.249151000000001,12.082472,88.83330000000001,22.834136,121,674,795
106,107,2011-04-17,Summer,2011,April,No,Sunday,No,Clear,13.463349000000001,13.415935999999999,47.9583,20.334232,1558,2186,3744
107,108,2011-04-18,Summer,2011,April,No,Monday,Yes,Clear,16.0875,17.207636,54.25,10.958988999999999,669,2760,3429
108,109,2011-04-19,Summer,2011,April,No,Tuesday,Yes,Cloudy or Misty,15.774151,16.291028000000004,66.5833,10.584057,409,2795,3204
109,110,2011-04-20,Summer,2011,April,No,Wednesday,Yes,Clear,19.965,21.249872000000003,61.4167,16.208975,613,3331,3944
110,111,2011-04-21,Summer,2011,April,No,Thursday,Yes,Clear,13.580849,13.956872,40.708299999999994,21.792286,745,3444,4189
111,112,2011-04-22,Summer,2011,April,No,Friday,Yes,Cloudy or Misty,7.823349,5.248964000000001,72.9583,14.707906999999999,177,1506,1683
112,113,2011-04-23,Summer,2011,April,No,Saturday,No,Cloudy or Misty,13.620000000000001,13.707985999999998,88.79169999999999,15.458575000000002,1462,2574,4036
113,114,2011-04-24,Summer,2011,April,No,Sunday,No,Cloudy or Misty,19.338349,20.416358000000002,81.08330000000001,12.875725000000001,1710,2481,4191
114,115,2011-04-25,Summer,2011,April,No,Monday,Yes,Clear,20.513348999999998,21.917,77.6667,12.417311,773,3300,4073
115,116,2011-04-26,Summer,2011,April,No,Tuesday,Yes,Clear,21.688349,23.209478000000004,72.9167,21.875500000000002,678,3722,4400
116,117,2011-04-27,Summer,2011,April,No,Wednesday,Yes,Cloudy or Misty,21.14,21.959372000000002,83.54169999999999,20.917399999999997,547,3325,3872
117,118,2011-04-28,Summer,2011,April,No,Thursday,Yes,Cloudy or Misty,21.0225,22.209314,70.08330000000001,21.500836000000003,569,3489,4058
118,119,2011-04-29,Summer,2011,April,No,Friday,Yes,Clear,15.969999999999999,16.832558,45.7083,16.084221,878,3717,4595
119,120,2011-04-30,Summer,2011,April,No,Saturday,No,Clear,14.2075,14.625386000000002,50.3333,15.750025,1965,3347,5312
120,121,2011-05-01,Summer,2011,May,No,Sunday,No,Cloudy or Misty,13.228348999999998,13.581464,76.2083,7.125718,1138,2213,3351
121,122,2011-05-02,Summer,2011,May,No,Monday,Yes,Cloudy or Misty,17.810848999999997,19.166978,73.0,12.291418,847,3554,4401
122,123,2011-05-03,Summer,2011,May,No,Tuesday,Yes,Cloudy or Misty,20.983348999999997,22.417214,69.7083,22.958689,603,3848,4451
123,124,2011-05-04,Summer,2011,May,No,Wednesday,Yes,Cloudy or Misty,11.465848999999999,10.706900000000001,73.70830000000001,22.042732,255,2378,2633
124,125,2011-05-05,Summer,2011,May,No,Thursday,Yes,Clear,13.580849,13.166522,44.4167,19.791263999999998,614,3819,4433
125,126,2011-05-06,Summer,2011,May,No,Friday,Yes,Clear,14.520849000000002,15.291722,59.0,15.292482,894,3714,4608
126,127,2011-05-07,Summer,2011,May,No,Saturday,No,Clear,16.44,17.832986,54.125,10.750150000000001,1612,3102,4714
127,128,2011-05-08,Summer,2011,May,No,Sunday,No,Clear,16.831651,18.249578,63.1667,5.0007125,1401,2932,4333
128,129,2011-05-09,Summer,2011,May,No,Monday,Yes,Clear,17.0275,18.666235999999998,58.875,11.792,664,3698,4362
129,130,2011-05-10,Summer,2011,May,No,Tuesday,Yes,Clear,17.0275,18.499586,48.9167,7.749956999999999,694,4109,4803
130,131,2011-05-11,Summer,2011,May,No,Wednesday,Yes,Clear,17.4975,18.8744,63.29169999999999,8.083014,550,3632,4182
131,132,2011-05-12,Summer,2011,May,No,Thursday,Yes,Clear,17.145000000000003,18.541958,74.75,12.707689,695,4169,4864
132,133,2011-05-13,Summer,2011,May,No,Friday,Yes,Cloudy or Misty,16.0875,16.623800000000003,86.33330000000001,12.041575,692,3413,4105
133,134,2011-05-14,Summer,2011,May,No,Saturday,No,Cloudy or Misty,16.479150999999998,17.041514,92.25,9.041649999999999,902,2507,3409
134,135,2011-05-15,Summer,2011,May,No,Sunday,No,Cloudy or Misty,18.4375,19.376000000000005,86.70830000000001,10.249593,1582,2971,4553
135,136,2011-05-16,Summer,2011,May,No,Monday,Yes,Clear,19.142500000000002,20.333792000000003,78.79169999999999,8.500357000000001,773,3185,3958
136,137,2011-05-17,Summer,2011,May,No,Tuesday,Yes,Cloudy or Misty,18.398349,19.542914000000003,83.7917,18.582718,678,3445,4123
137,138,2011-05-18,Summer,2011,May,No,Wednesday,Yes,Cloudy or Misty,17.85,18.792428,87.0,13.499964,536,3319,3855
138,139,2011-05-19,Summer,2011,May,No,Thursday,Yes,Cloudy or Misty,16.949151,17.708972000000003,82.9583,7.250271000000001,735,3840,4575
139,140,2011-05-20,Summer,2011,May,No,Friday,Yes,Clear,17.223349,18.916772,71.9583,8.375871,909,4008,4917
140,141,2011-05-21,Summer,2011,May,No,Saturday,No,Clear,20.317500000000003,21.750349999999997,62.6667,8.083549999999999,2258,3547,5805
141,142,2011-05-22,Summer,2011,May,No,Sunday,No,Clear,20.395849000000002,21.917,74.9583,9.916536,1576,3084,4660
142,143,2011-05-23,Summer,2011,May,No,Monday,Yes,Cloudy or Misty,21.688349,22.959536,81.0,15.667413999999999,836,3438,4274
143,144,2011-05-24,Summer,2011,May,No,Tuesday,Yes,Cloudy or Misty,23.020000000000003,23.917658000000003,74.0833,13.875164,659,3833,4492
144,145,2011-05-25,Summer,2011,May,No,Wednesday,Yes,Clear,23.059151,24.625772000000005,69.625,10.333611000000001,740,4238,4978
145,146,2011-05-26,Summer,2011,May,No,Thursday,Yes,Clear,25.291651,27.209408000000003,67.75,13.376014,758,3919,4677
146,147,2011-05-27,Summer,2011,May,No,Friday,Yes,Clear,24.038349000000004,26.042528000000004,65.375,16.125493,871,3808,4679
147,148,2011-05-28,Summer,2011,May,No,Saturday,No,Clear,22.824151,24.417014,72.9583,15.416164,2001,2757,4758
148,149,2011-05-29,Summer,2011,May,No,Sunday,No,Clear,23.3725,24.6263,81.875,14.333846,2355,2433,4788
149,150,2011-05-30,Summer,2011,May,Yes,Monday,No,Clear,26.466651,28.292072000000005,68.5,8.792075,1549,2549,4098
150,151,2011-05-31,Summer,2011,May,No,Tuesday,Yes,Clear,28.425000000000004,31.875278,63.6667,7.459042999999999,673,3309,3982
151,152,2011-06-01,Summer,2011,June,No,Wednesday,Yes,Cloudy or Misty,27.915849,31.583822000000005,67.7083,13.875164,513,3461,3974
152,153,2011-06-02,Summer,2011,June,No,Thursday,Yes,Clear,25.604999999999997,26.500172,30.5,19.583229000000003,736,4232,4968
153,154,2011-06-03,Summer,2011,June,No,Friday,Yes,Clear,21.14,22.750778000000004,35.4167,16.959107,898,4414,5312
154,155,2011-06-04,Summer,2011,June,No,Saturday,No,Clear,21.845,23.249935999999998,45.625,8.250514,1869,3473,5342
155,156,2011-06-05,Summer,2011,June,No,Sunday,No,Cloudy or Misty,22.471651,24.709063999999998,65.25,9.292364000000001,1685,3221,4906
156,157,2011-06-06,Summer,2011,June,No,Monday,Yes,Clear,23.881650999999998,25.042628,60.0,8.167032,673,3875,4548
157,158,2011-06-07,Summer,2011,June,No,Tuesday,Yes,Clear,25.252499999999998,27.292700000000004,59.791700000000006,12.583136,763,4070,4833
158,159,2011-06-08,Summer,2011,June,No,Wednesday,Yes,Clear,28.464151,32.000414,62.20830000000001,9.166739,676,3725,4401
159,160,2011-06-09,Summer,2011,June,No,Thursday,Yes,Cloudy or Misty,29.991650999999997,34.000214,56.833299999999994,10.042161,563,3352,3915
160,161,2011-06-10,Summer,2011,June,No,Friday,Yes,Clear,27.485,30.417272000000004,60.5,9.417118,815,3771,4586
161,162,2011-06-11,Summer,2011,June,No,Saturday,No,Clear,26.074999999999996,28.750508000000004,65.45830000000001,10.374949999999998,1729,3237,4966
162,163,2011-06-12,Summer,2011,June,No,Sunday,No,Clear,24.5475,26.459450000000004,74.7917,10.958988999999999,1467,2993,4460
163,164,2011-06-13,Summer,2011,June,No,Monday,Yes,Clear,21.845,23.709164,49.4583,20.45845,863,4157,5020
164,165,2011-06-14,Summer,2011,June,No,Tuesday,Yes,Clear,20.395849000000002,23.042036000000003,50.708299999999994,18.041961,727,4164,4891
165,166,2011-06-15,Summer,2011,June,No,Wednesday,Yes,Clear,21.453349,22.791764,47.1667,11.250104,769,4411,5180
166,167,2011-06-16,Summer,2011,June,No,Thursday,Yes,Cloudy or Misty,21.531651,23.292836,68.8333,13.833556999999999,545,3222,3767
167,168,2011-06-17,Summer,2011,June,No,Friday,Yes,Clear,22.510849000000004,23.625278,73.5833,9.582942999999998,863,3981,4844
168,169,2011-06-18,Summer,2011,June,No,Saturday,No,Clear,24.743349000000002,26.500964000000003,67.0417,8.000336,1807,3312,5119
169,170,2011-06-19,Summer,2011,June,No,Sunday,No,Cloudy or Misty,24.860849,26.625836,66.6667,6.834,1639,3105,4744
170,171,2011-06-20,Summer,2011,June,No,Monday,Yes,Cloudy or Misty,21.845,23.292836,74.625,10.416825,699,3311,4010
171,172,2011-06-21,Fall,2011,June,No,Tuesday,Yes,Cloudy or Misty,23.999151,26.084636000000003,77.0417,11.458675000000001,774,4061,4835
172,173,2011-06-22,Fall,2011,June,No,Wednesday,Yes,Clear,26.466651,29.792714000000004,70.75,11.541554,661,3846,4507
173,174,2011-06-23,Fall,2011,June,No,Thursday,Yes,Cloudy or Misty,26.231651,29.792978000000005,70.3333,15.999868,746,4044,4790
174,175,2011-06-24,Fall,2011,June,No,Friday,Yes,Clear,26.035849,27.334478000000004,57.3333,14.875675,969,4022,4991
175,176,2011-06-25,Fall,2011,June,No,Saturday,No,Clear,24.665,26.458658,48.3333,14.041257,1782,3420,5202
176,177,2011-06-26,Fall,2011,June,No,Sunday,No,Clear,23.96,26.083514,51.3333,6.3337311,1920,3385,5305
177,178,2011-06-27,Fall,2011,June,No,Monday,Yes,Cloudy or Misty,24.0775,26.042264000000003,65.8333,7.2083960000000005,854,3854,4708
178,179,2011-06-28,Fall,2011,June,No,Tuesday,Yes,Clear,26.975849000000004,29.708827999999997,63.416700000000006,9.666960999999999,732,3916,4648
179,180,2011-06-29,Fall,2011,June,No,Wednesday,Yes,Clear,26.231651,27.209408000000003,49.7917,17.542007,848,4377,5225
180,181,2011-06-30,Fall,2011,June,No,Thursday,Yes,Clear,24.743349000000002,26.042528000000004,43.416700000000006,12.415904000000001,1027,4488,5515
181,182,2011-07-01,Fall,2011,July,No,Friday,Yes,Clear,25.957500000000003,27.042692000000002,39.625,6.874736,1246,4116,5362
182,183,2011-07-02,Fall,2011,July,No,Saturday,No,Clear,26.701651,28.042327999999998,44.4583,7.709154,2204,2915,5119
183,184,2011-07-03,Fall,2011,July,No,Sunday,No,Cloudy or Misty,25.683349,28.125950000000003,68.25,15.333486,2282,2367,4649
184,185,2011-07-04,Fall,2011,July,Yes,Monday,No,Cloudy or Misty,26.153349,27.917522000000005,63.7917,5.4591064000000005,3065,2978,6043
185,186,2011-07-05,Fall,2011,July,No,Tuesday,Yes,Clear,27.093348999999996,29.958308000000002,59.0417,8.459286,1031,3634,4665
186,187,2011-07-06,Fall,2011,July,No,Wednesday,Yes,Clear,25.839999999999996,29.251778,74.33330000000001,10.042161,784,3845,4629
187,188,2011-07-07,Fall,2011,July,No,Thursday,Yes,Clear,27.25,29.333486,65.125,10.666400000000001,754,3838,4592
188,189,2011-07-08,Fall,2011,July,No,Friday,Yes,Cloudy or Misty,25.330849,28.251878000000005,75.79169999999999,15.083643,692,3348,4040
189,190,2011-07-09,Fall,2011,July,No,Saturday,No,Clear,26.466651,27.834428000000003,60.9167,11.250104,1988,3348,5336
190,191,2011-07-10,Fall,2011,July,No,Sunday,No,Clear,27.1325,29.541649999999997,57.8333,12.292557,1743,3138,4881
191,192,2011-07-11,Fall,2011,July,No,Monday,Yes,Clear,27.8375,32.167064,63.5833,18.916579,723,3363,4086
192,193,2011-07-12,Fall,2011,July,No,Tuesday,Yes,Clear,29.325848999999998,32.79215,55.9167,13.417017999999999,662,3596,4258
193,194,2011-07-13,Fall,2011,July,No,Wednesday,Yes,Clear,27.093348999999996,29.500664,63.1667,9.790911000000001,748,3594,4342
194,195,2011-07-14,Fall,2011,July,No,Thursday,Yes,Clear,23.999151,25.916863999999997,47.625,16.124689,888,4196,5084
195,196,2011-07-15,Fall,2011,July,No,Friday,Yes,Clear,23.176650999999996,25.208486,59.12500000000001,12.249811,1318,4220,5538
196,197,2011-07-16,Fall,2011,July,No,Saturday,No,Clear,24.273349000000003,26.125358,58.5,13.958914,2418,3505,5923
197,198,2011-07-17,Fall,2011,July,No,Sunday,No,Clear,25.800849,28.208978000000002,60.4167,16.417211,2006,3296,5302
198,199,2011-07-18,Fall,2011,July,No,Monday,Yes,Clear,27.093348999999996,30.459050000000005,65.125,14.458867999999999,841,3617,4458
199,200,2011-07-19,Fall,2011,July,No,Tuesday,Yes,Clear,28.503349,33.333614,65.0417,8.7502,752,3789,4541
200,201,2011-07-20,Fall,2011,July,No,Wednesday,Yes,Clear,28.111651000000002,33.2921,70.70830000000001,7.625739,644,3688,4332
201,202,2011-07-21,Fall,2011,July,No,Thursday,Yes,Cloudy or Misty,30.305,38.540486,69.125,14.875407,632,3152,3784
202,203,2011-07-22,Fall,2011,July,No,Friday,Yes,Clear,31.871651,39.499136,58.0417,8.9177,562,2825,3387
203,204,2011-07-23,Fall,2011,July,No,Saturday,No,Clear,31.910849,37.082941999999996,50.0,8.791807,987,2298,3285
204,205,2011-07-24,Fall,2011,July,No,Sunday,No,Clear,31.009999999999998,36.458714,55.0833,11.334456999999999,1050,2556,3606
205,206,2011-07-25,Fall,2011,July,No,Monday,Yes,Clear,26.936650999999998,31.583228,75.7083,6.0841560999999995,568,3272,3840
206,207,2011-07-26,Fall,2011,July,No,Tuesday,Yes,Clear,28.268349,30.000614,54.0833,13.417285999999999,750,3840,4590
207,208,2011-07-27,Fall,2011,July,No,Wednesday,Yes,Clear,28.425000000000004,29.584022000000004,40.291700000000006,12.292020999999998,755,3901,4656
208,209,2011-07-28,Fall,2011,July,No,Thursday,Yes,Clear,28.620849,32.8334,58.3333,11.958093,606,3784,4390
209,210,2011-07-29,Fall,2011,July,No,Friday,Yes,Clear,31.401651,35.873822,54.25,11.667245999999999,670,3176,3846
210,211,2011-07-30,Fall,2011,July,No,Saturday,No,Clear,29.795848999999997,32.083442,46.5833,11.291979,1559,2916,4475
211,212,2011-07-31,Fall,2011,July,No,Sunday,No,Clear,29.874150999999998,32.166536,48.0833,11.042470999999999,1524,2778,4302
212,213,2011-08-01,Fall,2011,August,No,Monday,Yes,Clear,28.268349,30.417272000000004,55.0833,10.500039,729,3537,4266
213,214,2011-08-02,Fall,2011,August,No,Tuesday,Yes,Clear,28.816651,30.666686,49.125,13.79195,801,4044,4845
214,215,2011-08-03,Fall,2011,August,No,Wednesday,Yes,Cloudy or Misty,26.388348999999998,28.875842,65.75,9.084061,467,3107,3574
215,216,2011-08-04,Fall,2011,August,No,Thursday,Yes,Cloudy or Misty,25.369999999999997,27.876008000000006,75.75,13.20905,799,3777,4576
216,217,2011-08-05,Fall,2011,August,No,Friday,Yes,Clear,25.409151,27.333422,63.083299999999994,12.374632,1023,3843,4866
217,218,2011-08-06,Fall,2011,August,No,Saturday,No,Cloudy or Misty,25.683349,28.626164000000003,75.5,15.29275,1521,2773,4294
218,219,2011-08-07,Fall,2011,August,No,Sunday,No,Clear,26.8975,31.209272000000006,75.29169999999999,13.499629,1298,2487,3785
219,220,2011-08-08,Fall,2011,August,No,Monday,Yes,Clear,27.955,30.416677999999997,59.2083,12.875725000000001,846,3480,4326
220,221,2011-08-09,Fall,2011,August,No,Tuesday,Yes,Clear,28.425000000000004,31.791986,57.04169999999999,10.125107,907,3695,4602
221,222,2011-08-10,Fall,2011,August,No,Wednesday,Yes,Clear,28.033349,29.208878,42.4167,13.417285999999999,884,3896,4780
222,223,2011-08-11,Fall,2011,August,No,Thursday,Yes,Clear,25.722500000000004,27.000386,42.375,11.041332,812,3980,4792
223,224,2011-08-12,Fall,2011,August,No,Friday,Yes,Clear,25.291651,27.166772,41.5,8.416607,1051,3854,4905
224,225,2011-08-13,Fall,2011,August,No,Saturday,No,Cloudy or Misty,24.234151000000004,26.626628000000004,72.9583,14.167418,1504,2646,4150
225,226,2011-08-14,Fall,2011,August,No,Sunday,No,Cloudy or Misty,23.803349,25.209608000000003,81.75,14.916411,1338,2482,3820
226,227,2011-08-15,Fall,2011,August,No,Monday,Yes,Clear,23.294151,24.667022000000003,71.20830000000001,13.999918,775,3563,4338
227,228,2011-08-16,Fall,2011,August,No,Tuesday,Yes,Clear,24.939151000000003,26.625242,57.8333,15.834043000000001,721,4004,4725
228,229,2011-08-17,Fall,2011,August,No,Wednesday,Yes,Clear,25.996651,28.000286000000003,57.5417,9.625689,668,4026,4694
229,230,2011-08-18,Fall,2011,August,No,Thursday,Yes,Clear,25.448349,27.709028000000004,65.45830000000001,15.624936,639,3166,3805
230,231,2011-08-19,Fall,2011,August,No,Friday,Yes,Cloudy or Misty,24.195,25.792586,72.2917,9.333635999999998,797,3356,4153
231,232,2011-08-20,Fall,2011,August,No,Saturday,No,Clear,24.7825,26.833736000000002,67.41669999999999,6.999289,1914,3277,5191
232,233,2011-08-21,Fall,2011,August,No,Sunday,No,Clear,25.409151,28.584650000000003,77.0,16.666518,1249,2624,3873
233,234,2011-08-22,Fall,2011,August,No,Monday,Yes,Clear,24.508349000000003,26.124764,47.0,18.54225,833,3925,4758
234,235,2011-08-23,Fall,2011,August,No,Tuesday,Yes,Clear,22.119151,24.000422,45.5417,9.833121,1281,4614,5895
235,236,2011-08-24,Fall,2011,August,No,Wednesday,Yes,Clear,23.646651,25.625672,60.5,16.958236,949,4181,5130
236,237,2011-08-25,Fall,2011,August,No,Thursday,Yes,Cloudy or Misty,24.155848999999996,26.626364000000002,77.1667,14.125810999999999,435,3107,3542
237,238,2011-08-26,Fall,2011,August,No,Friday,Yes,Clear,24.9,27.542378,76.125,5.625487499999999,768,3893,4661
238,239,2011-08-27,Fall,2011,August,No,Saturday,No,Cloudy or Misty,23.96,25.946696000000003,85.0,25.166338999999997,226,889,1115
239,240,2011-08-28,Fall,2011,August,No,Sunday,No,Clear,25.231772999999997,26.765293999999997,56.1765,20.412153,1415,2919,4334
240,241,2011-08-29,Fall,2011,August,No,Monday,Yes,Clear,21.923348999999998,24.125228,55.45830000000001,10.708275,729,3905,4634
241,242,2011-08-30,Fall,2011,August,No,Tuesday,Yes,Clear,22.040849,23.250464,54.833299999999994,8.375536,775,4429,5204
242,243,2011-08-31,Fall,2011,August,No,Wednesday,Yes,Clear,22.863349,24.333986000000003,59.791700000000006,5.5833311,688,4370,5058
243,244,2011-09-01,Fall,2011,September,No,Thursday,Yes,Clear,22.785,24.584786,63.916700000000006,9.500332,783,4332,5115
244,245,2011-09-02,Fall,2011,September,No,Friday,Yes,Cloudy or Misty,22.236651000000002,23.917327999999998,72.70830000000001,9.375243,875,3852,4727
245,246,2011-09-03,Fall,2011,September,No,Saturday,No,Clear,23.450848999999998,25.792058000000004,71.6667,12.416775,1935,2549,4484
246,247,2011-09-04,Fall,2011,September,No,Sunday,No,Clear,25.330849,27.918314000000002,74.20830000000001,13.833289,2521,2419,4940
247,248,2011-09-05,Fall,2011,September,Yes,Monday,No,Cloudy or Misty,23.646651,25.292636,79.0417,14.250632,1236,2115,3351
248,249,2011-09-06,Fall,2011,September,No,Tuesday,Yes,Light Rain/Snow,17.380000000000003,18.0032,88.6957,23.044181,204,2506,2710
249,250,2011-09-07,Fall,2011,September,No,Wednesday,Yes,Light Rain/Snow,20.160849,19.919114,91.7083,6.500393600000001,118,1878,1996
250,251,2011-09-08,Fall,2011,September,No,Thursday,Yes,Light Rain/Snow,21.793910999999998,20.653826000000002,93.9565,12.914116,153,1689,1842
251,252,2011-09-09,Fall,2011,September,No,Friday,Yes,Cloudy or Misty,22.55,22.210435999999994,89.79169999999999,8.333393000000001,417,3127,3544
252,253,2011-09-10,Fall,2011,September,No,Saturday,No,Clear,23.020000000000003,24.125492,75.375,10.291736,1750,3595,5345
253,254,2011-09-11,Fall,2011,September,No,Sunday,No,Clear,22.706651,24.209114,71.375,7.708618,1633,3413,5046
254,255,2011-09-12,Fall,2011,September,No,Monday,Yes,Clear,22.284356000000002,23.74058,69.2174,5.957171000000001,690,4023,4713
255,256,2011-09-13,Fall,2011,September,No,Tuesday,Yes,Clear,22.589151,23.834564,71.25,9.500868,701,4062,4763
256,257,2011-09-14,Fall,2011,September,No,Wednesday,Yes,Clear,23.646651,25.3754,69.7083,11.2091,647,4138,4785
257,258,2011-09-15,Fall,2011,September,No,Thursday,Yes,Cloudy or Misty,19.142500000000002,20.542286000000004,70.9167,18.166782,428,3231,3659
258,259,2011-09-16,Fall,2011,September,No,Friday,Yes,Cloudy or Misty,14.050849,14.457350000000002,59.0417,11.000261,742,4018,4760
259,260,2011-09-17,Fall,2011,September,No,Saturday,No,Cloudy or Misty,15.108349,15.581792,71.8333,12.708225,1434,3077,4511
260,261,2011-09-18,Fall,2011,September,No,Sunday,No,Clear,15.8525,16.375442,69.5,11.958361,1353,2921,4274
261,262,2011-09-19,Fall,2011,September,No,Monday,Yes,Cloudy or Misty,17.810848999999997,18.958550000000002,69.0,10.166713999999999,691,3848,4539
262,263,2011-09-20,Fall,2011,September,No,Tuesday,Yes,Cloudy or Misty,18.398349,19.126322000000002,88.125,9.041917999999999,438,3203,3641
263,264,2011-09-21,Fall,2011,September,No,Wednesday,Yes,Cloudy or Misty,19.965,20.335178000000006,90.0,6.4590814,539,3813,4352
264,265,2011-09-22,Fall,2011,September,No,Thursday,Yes,Cloudy or Misty,21.531651,20.627558,90.2083,8.584375,555,4240,4795
265,266,2011-09-23,Winter,2011,September,No,Friday,Yes,Cloudy or Misty,20.630849,18.460249999999995,97.25,5.2505689,258,2137,2395
266,267,2011-09-24,Winter,2011,September,No,Saturday,No,Cloudy or Misty,20.513348999999998,21.251192000000003,86.25,5.2516811,1776,3647,5423
267,268,2011-09-25,Winter,2011,September,No,Sunday,No,Cloudy or Misty,21.805849000000002,21.794041999999997,84.5,3.3754064,1544,3466,5010
268,269,2011-09-26,Winter,2011,September,No,Monday,Yes,Cloudy or Misty,22.510849000000004,22.876771999999995,84.8333,7.4169,684,3946,4630
269,270,2011-09-27,Winter,2011,September,No,Tuesday,Yes,Cloudy or Misty,21.923348999999998,21.91865,88.5417,7.917457,477,3643,4120
270,271,2011-09-28,Winter,2011,September,No,Wednesday,Yes,Cloudy or Misty,21.845,21.960427999999993,84.875,9.958143000000002,480,3427,3907
271,272,2011-09-29,Winter,2011,September,No,Thursday,Yes,Clear,20.983348999999997,21.917792,69.91669999999999,11.583161,653,4186,4839
272,273,2011-09-30,Winter,2011,September,No,Friday,Yes,Clear,18.515849,19.958714,64.75,13.833825,830,4372,5202
273,274,2011-10-01,Winter,2011,October,No,Saturday,No,Cloudy or Misty,11.27,11.248957999999998,75.375,19.583832,480,1949,2429
274,275,2011-10-02,Winter,2011,October,No,Sunday,No,Cloudy or Misty,8.763349000000002,6.790921999999998,79.1667,14.874870999999999,616,2302,2918
275,276,2011-10-03,Winter,2011,October,No,Monday,Yes,Cloudy or Misty,10.055848999999998,9.875036000000001,76.0833,5.5841686,330,3240,3570
276,277,2011-10-04,Winter,2011,October,No,Tuesday,Yes,Clear,14.755849000000001,15.208628000000001,71.0,13.792218,486,3970,4456
277,278,2011-10-05,Winter,2011,October,No,Wednesday,Yes,Clear,17.301650999999996,18.791108,64.79169999999999,11.87575,559,4267,4826
278,279,2011-10-06,Winter,2011,October,No,Thursday,Yes,Clear,15.225849,15.70805,62.083299999999994,9.041917999999999,639,4126,4765
279,280,2011-10-07,Winter,2011,October,No,Friday,Yes,Clear,16.009151,17.290664,68.41669999999999,1.5002439,949,4036,4985
280,281,2011-10-08,Winter,2011,October,No,Saturday,No,Clear,16.518349,17.873971999999995,70.125,3.0420814,2235,3174,5409
281,282,2011-10-09,Winter,2011,October,No,Sunday,No,Clear,17.419151,18.582878,72.75,4.251150000000001,2397,3114,5511
282,283,2011-10-10,Winter,2011,October,Yes,Monday,No,Clear,18.829151000000003,19.83305,73.375,2.8343814,1514,3603,5117
283,284,2011-10-11,Winter,2011,October,No,Tuesday,Yes,Cloudy or Misty,18.633349000000003,20.042336,80.875,9.583814,667,3896,4563
284,285,2011-10-12,Winter,2011,October,No,Wednesday,Yes,Light Rain/Snow,17.536651,18.169322,90.625,16.62605,217,2199,2416
285,286,2011-10-13,Winter,2011,October,No,Thursday,Yes,Cloudy or Misty,19.690849,20.419064,89.6667,9.499729,290,2623,2913
286,287,2011-10-14,Winter,2011,October,No,Friday,Yes,Cloudy or Misty,17.889151000000002,18.958550000000002,71.625,15.000161,529,3115,3644
287,288,2011-10-15,Winter,2011,October,No,Saturday,No,Clear,15.813348999999999,16.91585,48.3333,17.291561,1899,3318,5217
288,289,2011-10-16,Winter,2011,October,No,Sunday,No,Clear,16.048348999999998,17.208163999999996,48.6667,18.875039,1748,3293,5041
289,290,2011-10-17,Winter,2011,October,No,Monday,Yes,Clear,17.105849,17.70785,57.958299999999994,11.750393,713,3857,4570
290,291,2011-10-18,Winter,2011,October,No,Tuesday,Yes,Cloudy or Misty,17.0275,18.499586,70.1667,7.375829,637,4111,4748
291,292,2011-10-19,Winter,2011,October,No,Wednesday,Yes,Light Rain/Snow,17.461733,17.913967999999997,89.52170000000001,16.303713,254,2170,2424
292,293,2011-10-20,Winter,2011,October,No,Thursday,Yes,Clear,14.364151,14.790650000000003,63.625,28.292425,471,3724,4195
293,294,2011-10-21,Winter,2011,October,No,Friday,Yes,Clear,12.092500000000001,11.957335999999998,57.4167,14.833532,676,3628,4304
294,295,2011-10-22,Winter,2011,October,No,Saturday,No,Clear,11.857499999999998,12.082472,62.916700000000006,6.2086689,1499,2809,4308
295,296,2011-10-23,Winter,2011,October,No,Sunday,No,Clear,11.818349000000001,11.873978000000001,74.125,6.6673375,1619,2762,4381
296,297,2011-10-24,Winter,2011,October,No,Monday,Yes,Clear,13.776651000000001,14.166422,77.2083,7.959064,699,3488,4187
297,298,2011-10-25,Winter,2011,October,No,Tuesday,Yes,Clear,14.168349,14.582749999999997,62.291700000000006,11.166086,695,3992,4687
298,299,2011-10-26,Winter,2011,October,No,Wednesday,Yes,Cloudy or Misty,14.755849000000001,15.207836,72.04169999999999,9.959014,404,3490,3894
299,300,2011-10-27,Winter,2011,October,No,Thursday,Yes,Cloudy or Misty,14.09,14.165036,81.2917,13.250121,240,2419,2659
300,301,2011-10-28,Winter,2011,October,No,Friday,Yes,Cloudy or Misty,7.549151,5.041591999999998,58.58330000000001,15.375093,456,3291,3747
301,302,2011-10-29,Winter,2011,October,No,Saturday,No,Light Rain/Snow,3.945848999999999,-0.9577419999999996,88.25,23.541857,57,570,627
302,303,2011-10-30,Winter,2011,October,No,Sunday,No,Clear,7.000848999999999,5.207713999999999,62.375,11.833339,885,2446,3331
303,304,2011-10-31,Winter,2011,October,No,Monday,Yes,Clear,7.98,7.5001580000000025,70.3333,7.12545,362,3307,3669
304,305,2011-11-01,Winter,2011,November,No,Tuesday,Yes,Clear,10.839151000000001,10.207808,68.375,9.083257,410,3658,4068
305,306,2011-11-02,Winter,2011,November,No,Wednesday,Yes,Clear,9.7425,9.748778000000001,71.875,5.5001439,370,3816,4186
306,307,2011-11-03,Winter,2011,November,No,Thursday,Yes,Clear,11.191651,10.790785999999997,70.20830000000001,9.166739,318,3656,3974
307,308,2011-11-04,Winter,2011,November,No,Friday,Yes,Cloudy or Misty,10.956651,10.623871999999999,62.25000000000001,18.209193,470,3576,4046
308,309,2011-11-05,Winter,2011,November,No,Saturday,No,Clear,7.353349,5.374364,51.916700000000006,12.667154,1156,2770,3926
309,310,2011-11-06,Winter,2011,November,No,Sunday,No,Clear,8.371651,7.915628000000002,73.4583,6.1676314,952,2697,3649
310,311,2011-11-07,Winter,2011,November,No,Monday,Yes,Clear,10.565000000000001,10.457486,75.875,3.834075,373,3662,4035
311,312,2011-11-08,Winter,2011,November,No,Tuesday,Yes,Clear,11.191651,11.208236,72.16669999999999,4.6255125,376,3829,4205
312,313,2011-11-09,Winter,2011,November,No,Wednesday,Yes,Clear,10.8,10.999214000000002,75.83330000000001,4.1671186,305,3804,4109
313,314,2011-11-10,Winter,2011,November,No,Thursday,Yes,Cloudy or Misty,9.86,8.665586000000001,81.3333,12.667489000000002,190,2743,2933
314,315,2011-11-11,Winter,2011,November,Yes,Friday,No,Clear,7.235849,4.2499220000000015,44.625,21.083225,440,2928,3368
315,316,2011-11-12,Winter,2011,November,No,Saturday,No,Clear,8.763349000000002,7.624171999999998,55.2917,14.208154,1275,2792,4067
316,317,2011-11-13,Winter,2011,November,No,Sunday,No,Clear,12.719151,12.4163,45.8333,18.875307,1004,2713,3717
317,318,2011-11-14,Winter,2011,November,No,Monday,Yes,Clear,16.91,18.624392,58.7083,20.541932,595,3891,4486
318,319,2011-11-15,Winter,2011,November,No,Tuesday,Yes,Cloudy or Misty,16.91,17.500214,68.875,13.375411,449,3746,4195
319,320,2011-11-16,Winter,2011,November,No,Wednesday,Yes,Light Rain/Snow,13.463349000000001,13.831208,93.0,9.167543,145,1672,1817
320,321,2011-11-17,Winter,2011,November,No,Thursday,Yes,Cloudy or Misty,8.058349,5.332585999999999,57.5833,20.459254,139,2914,3053
321,322,2011-11-18,Winter,2011,November,No,Friday,Yes,Clear,4.885849,1.9995860000000008,41.0,11.291711,245,3147,3392
322,323,2011-11-19,Winter,2011,November,No,Saturday,No,Clear,7.470848999999999,5.415878000000003,50.208299999999994,15.041232,943,2720,3663
323,324,2011-11-20,Winter,2011,November,No,Sunday,No,Cloudy or Misty,13.776651000000001,14.165828000000001,68.45830000000001,12.45865,787,2733,3520
324,325,2011-11-21,Winter,2011,November,No,Monday,Yes,Light Rain/Snow,13.032499999999999,13.374092000000001,91.0,9.249618,220,2545,2765
325,326,2011-11-22,Winter,2011,November,No,Tuesday,Yes,Light Rain/Snow,11.583349000000002,11.831936000000002,96.25,7.959064,69,1538,1607
326,327,2011-11-23,Winter,2011,November,No,Wednesday,Yes,Cloudy or Misty,12.719151,12.415441999999999,75.79169999999999,22.500275,112,2454,2566
327,328,2011-11-24,Winter,2011,November,Yes,Thursday,No,Clear,9.546651,8.583086000000002,54.9167,11.209368000000001,560,935,1495
328,329,2011-11-25,Winter,2011,November,No,Friday,Yes,Clear,9.625,9.124285999999998,64.375,6.6260186,1095,1697,2792
329,330,2011-11-26,Winter,2011,November,No,Saturday,No,Clear,9.664151,9.415742000000002,68.1667,4.5841936,1249,1819,3068
330,331,2011-11-27,Winter,2011,November,No,Sunday,No,Clear,13.580849,14.082799999999999,69.8333,13.999918,810,2261,3071
331,332,2011-11-28,Winter,2011,November,No,Monday,Yes,Clear,15.663466,16.348052000000003,74.3043,9.522174,253,3614,3867
332,333,2011-11-29,Winter,2011,November,No,Tuesday,Yes,Cloudy or Misty,13.541650999999998,13.790750000000003,83.08330000000001,17.292164,96,2818,2914
333,334,2011-11-30,Winter,2011,November,No,Wednesday,Yes,Clear,7.275,4.540586000000001,61.3333,18.167586,188,3425,3613
334,335,2011-12-01,Winter,2011,December,No,Thursday,Yes,Clear,6.6875,4.166564000000001,52.4583,14.750586,182,3545,3727
335,336,2011-12-02,Winter,2011,December,No,Friday,Yes,Clear,6.765848999999999,5.874578,62.583299999999994,6.750518,268,3672,3940
336,337,2011-12-03,Winter,2011,December,No,Saturday,No,Clear,6.060849000000001,4.499863999999999,61.291700000000006,6.4174811,706,2908,3614
337,338,2011-12-04,Winter,2011,December,No,Sunday,No,Clear,7.549151,7.040600000000001,77.5833,5.6252061,634,2851,3485
338,339,2011-12-05,Winter,2011,December,No,Monday,Yes,Cloudy or Misty,10.134151,9.99905,82.70830000000001,4.1679561000000005,233,3578,3811
339,340,2011-12-06,Winter,2011,December,No,Tuesday,Yes,Light Rain/Snow,13.7375,14.122399999999999,94.9583,15.583061,126,2468,2594
340,341,2011-12-07,Winter,2011,December,No,Wednesday,Yes,Light Rain/Snow,11.27,10.416235999999998,97.04169999999999,17.833725,50,655,705
341,342,2011-12-08,Winter,2011,December,No,Thursday,Yes,Clear,4.494150999999999,0.9579079999999998,57.99999999999999,16.083886,150,3172,3322
342,343,2011-12-09,Winter,2011,December,No,Friday,Yes,Clear,5.669151000000001,4.9577719999999985,69.58330000000001,5.5420189,261,3359,3620
343,344,2011-12-10,Winter,2011,December,No,Saturday,No,Clear,4.925000000000001,1.5831920000000004,50.74999999999999,15.625807,502,2688,3190
344,345,2011-12-11,Winter,2011,December,No,Sunday,No,Clear,2.3791510000000002,0.708164,49.0,4.458293899999999,377,2366,2743
345,346,2011-12-12,Winter,2011,December,No,Monday,Yes,Clear,3.201651,1.8329360000000001,67.08330000000001,4.251150000000001,143,3167,3310
346,347,2011-12-13,Winter,2011,December,No,Tuesday,Yes,Clear,5.277499999999998,3.875108000000001,59.0,9.41685,155,3368,3523
347,348,2011-12-14,Winter,2011,December,No,Wednesday,Yes,Cloudy or Misty,6.922499999999999,6.331892,66.375,4.0842061,178,3562,3740
348,349,2011-12-15,Winter,2011,December,No,Thursday,Yes,Cloudy or Misty,11.857499999999998,11.207642,63.416700000000006,17.958814,181,3528,3709
349,350,2011-12-16,Winter,2011,December,No,Friday,Yes,Cloudy or Misty,9.625,7.748450000000002,50.0417,17.458525,178,3399,3577
350,351,2011-12-17,Winter,2011,December,No,Saturday,No,Cloudy or Misty,4.1416509999999995,0.4584860000000006,56.0833,16.292189,275,2464,2739
351,352,2011-12-18,Winter,2011,December,No,Sunday,No,Clear,3.201651,0.20821399999999812,58.62500000000001,11.375193000000001,220,2211,2431
352,353,2011-12-19,Winter,2011,December,No,Monday,Yes,Clear,5.003349,2.5415779999999977,63.74999999999999,11.584031999999999,260,3143,3403
353,354,2011-12-20,Winter,2011,December,No,Tuesday,Yes,Cloudy or Misty,10.134151,10.165963999999999,59.5417,4.1252436,216,3534,3750
354,355,2011-12-21,Spring,2011,December,No,Wednesday,Yes,Cloudy or Misty,12.131651000000002,12.249122,85.83330000000001,14.8338,107,2553,2660
355,356,2011-12-22,Spring,2011,December,No,Thursday,Yes,Cloudy or Misty,11.896651000000002,12.123986000000002,75.75,3.1674249999999997,227,2841,3068
356,357,2011-12-23,Spring,2011,December,No,Friday,Yes,Clear,9.546651,8.915858,68.625,18.374482,163,2046,2209
357,358,2011-12-24,Spring,2011,December,No,Saturday,No,Clear,6.217499999999999,3.7499719999999996,54.25,12.750368,155,856,1011
358,359,2011-12-25,Spring,2011,December,No,Sunday,No,Clear,4.914801000000001,2.4774260000000012,68.13040000000001,10.391097,303,451,754
359,360,2011-12-26,Spring,2011,December,Yes,Monday,No,Clear,7.121732999999999,4.825310000000002,50.6957,16.044155,430,887,1317
360,361,2011-12-27,Spring,2011,December,No,Tuesday,Yes,Cloudy or Misty,7.275,5.6237780000000015,76.25,12.62615,103,1059,1162
361,362,2011-12-28,Spring,2011,December,No,Wednesday,Yes,Clear,6.05911,2.4782839999999986,50.39130000000001,19.695386999999997,255,2047,2302
362,363,2011-12-29,Spring,2011,December,No,Thursday,Yes,Clear,3.6716510000000007,1.4168720000000015,57.4167,8.000604000000001,254,2169,2423
363,364,2011-12-30,Spring,2011,December,No,Friday,Yes,Clear,6.648349000000001,5.041591999999998,63.6667,9.000579,491,2508,2999
364,365,2011-12-31,Spring,2011,December,No,Saturday,No,Clear,11.27,11.331986,61.583299999999994,14.750318,665,1820,2485
365,366,2012-01-01,Spring,2012,January,No,Sunday,No,Clear,9.39,8.790986,69.25,12.875189,686,1608,2294
366,367,2012-01-02,Spring,2012,January,Yes,Monday,No,Clear,4.833020999999999,0.6520639999999993,38.130399999999995,22.087555,244,1707,1951
367,368,2012-01-03,Spring,2012,January,No,Tuesday,Yes,Clear,-0.9500000000000002,-7.665850000000001,44.125,24.499957000000002,89,2147,2236
368,369,2012-01-04,Spring,2012,January,No,Wednesday,Yes,Cloudy or Misty,-2.9475,-8.123758,41.4583,12.3749,95,2273,2368
369,370,2012-01-05,Spring,2012,January,No,Thursday,Yes,Clear,4.494150999999999,2.3751919999999984,52.416700000000006,8.709128999999999,140,3132,3272
370,371,2012-01-06,Spring,2012,January,No,Friday,Yes,Clear,7.705848999999999,6.457622000000001,54.2083,11.249836,307,3791,4098
371,372,2012-01-07,Spring,2012,January,No,Saturday,No,Clear,10.486650999999998,9.791414,53.1667,11.708786,1070,3451,4521
372,373,2012-01-08,Spring,2012,January,No,Sunday,No,Clear,7.862500000000001,6.457028000000001,46.5,12.833314,599,2826,3425
373,374,2012-01-09,Spring,2012,January,No,Monday,Yes,Cloudy or Misty,2.5358490000000007,0.33361400000000074,70.1667,6.6263000000000005,106,2270,2376
374,375,2012-01-10,Spring,2012,January,No,Tuesday,Yes,Clear,6.508712000000001,5.042515999999999,64.65220000000001,12.565984,173,3425,3598
375,376,2012-01-11,Spring,2012,January,No,Wednesday,Yes,Cloudy or Misty,4.885849,2.6661859999999997,84.75,8.791807,92,2085,2177
376,377,2012-01-12,Spring,2012,January,No,Thursday,Yes,Cloudy or Misty,9.9775,9.207908,80.2917,12.124789,269,3828,4097
377,378,2012-01-13,Spring,2012,January,No,Friday,Yes,Clear,4.885849,0.4578920000000011,50.74999999999999,25.333236,174,3040,3214
378,379,2012-01-14,Spring,2012,January,No,Saturday,No,Clear,0.4599999999999991,-3.916257999999999,45.75,12.541260999999999,333,2160,2493
379,380,2012-01-15,Spring,2012,January,No,Sunday,No,Clear,-0.16665099999999988,-5.332750000000001,41.9167,16.834286,284,2027,2311
380,381,2012-01-16,Spring,2012,January,Yes,Monday,No,Clear,0.9299999999999997,-3.4162420000000004,52.25,15.500986000000001,217,2081,2298
381,382,2012-01-17,Spring,2012,January,No,Tuesday,Yes,Cloudy or Misty,9.533021000000002,8.042348,71.6087,23.39171,127,2808,2935
382,383,2012-01-18,Spring,2012,January,No,Wednesday,Yes,Clear,6.2566510000000015,2.1667640000000006,44.333299999999994,27.833743,109,3267,3376
383,384,2012-01-19,Spring,2012,January,No,Thursday,Yes,Clear,0.9299999999999997,-3.4574919999999985,49.75,14.750586,130,3162,3292
384,385,2012-01-20,Spring,2012,January,No,Friday,Yes,Cloudy or Misty,2.2225,-1.4167720000000017,45.0,13.58425,115,3048,3163
385,386,2012-01-21,Spring,2012,January,No,Saturday,No,Cloudy or Misty,0.14665099999999853,-4.45825,83.125,14.917014,67,1234,1301
386,387,2012-01-22,Spring,2012,January,No,Sunday,No,Cloudy or Misty,-0.3624999999999998,-5.291499999999999,79.625,13.375746000000001,196,1781,1977
387,388,2012-01-23,Spring,2012,January,No,Monday,Yes,Cloudy or Misty,2.2616510000000005,0.041827999999998866,91.125,7.417436,145,2287,2432
388,389,2012-01-24,Spring,2012,January,No,Tuesday,Yes,Clear,8.0975,7.041127999999997,83.58330000000001,8.292389,439,3900,4339
389,390,2012-01-25,Spring,2012,January,No,Wednesday,Yes,Clear,5.825849,3.4581860000000013,64.375,10.791756999999999,467,3803,4270
390,391,2012-01-26,Spring,2012,January,No,Thursday,Yes,Cloudy or Misty,8.058349,7.499299999999998,76.95830000000001,4.9175186,244,3831,4075
391,392,2012-01-27,Spring,2012,January,No,Friday,Yes,Cloudy or Misty,11.974999999999998,11.415278,74.125,22.958689,269,3187,3456
392,393,2012-01-28,Spring,2012,January,No,Saturday,No,Clear,6.844150999999998,5.541013999999997,54.333299999999994,14.125542999999999,775,3248,4023
393,394,2012-01-29,Spring,2012,January,No,Sunday,No,Clear,5.277499999999998,1.9995860000000008,31.125000000000004,16.08335,558,2685,3243
394,395,2012-01-30,Spring,2012,January,No,Monday,Yes,Clear,4.650848999999999,1.3332499999999996,40.0833,14.458064,126,3498,3624
395,396,2012-01-31,Spring,2012,January,No,Tuesday,Yes,Clear,10.330000000000002,9.166922,41.6667,17.541739,324,4185,4509
396,397,2012-02-01,Spring,2012,February,No,Wednesday,Yes,Clear,14.050849,14.791508,50.79169999999999,12.667489000000002,304,4275,4579
397,398,2012-02-02,Spring,2012,February,No,Thursday,Yes,Cloudy or Misty,10.760849,10.332086,67.29169999999999,12.541528999999999,190,3571,3761
398,399,2012-02-03,Spring,2012,February,No,Friday,Yes,Clear,6.726650999999999,4.416836,52.6667,11.959232,310,3841,4151
399,400,2012-02-04,Spring,2012,February,No,Saturday,No,Cloudy or Misty,4.415849,1.9998499999999986,77.95830000000001,8.167032,384,2448,2832
400,401,2012-02-05,Spring,2012,February,No,Sunday,No,Cloudy or Misty,4.494150999999999,1.4583860000000008,68.7917,11.791732000000001,318,2629,2947
401,402,2012-02-06,Spring,2012,February,No,Monday,Yes,Clear,5.282622999999999,3.564116000000002,62.2174,10.304599999999999,206,3578,3784
402,403,2012-02-07,Spring,2012,February,No,Tuesday,Yes,Clear,8.645849000000002,7.832863999999997,49.625,9.874393000000001,199,4176,4375
403,404,2012-02-08,Spring,2012,February,No,Wednesday,Yes,Cloudy or Misty,4.063348999999999,1.583786,72.2917,8.959307,109,2693,2802
404,405,2012-02-09,Spring,2012,February,No,Thursday,Yes,Clear,4.455,1.291208000000001,56.2083,13.000478999999999,163,3667,3830
405,406,2012-02-10,Spring,2012,February,No,Friday,Yes,Cloudy or Misty,5.1991510000000005,3.374828000000001,54.0,7.834243000000001,227,3604,3831
406,407,2012-02-11,Spring,2012,February,No,Saturday,No,Light Rain/Snow,2.5358490000000007,-2.0827779999999994,73.125,19.416332,192,1977,2169
407,408,2012-02-12,Spring,2012,February,No,Sunday,No,Clear,-2.0075000000000003,-9.290572000000001,46.4583,27.417204,73,1456,1529
408,409,2012-02-13,Spring,2012,February,No,Monday,Yes,Clear,2.4574999999999996,-0.9577419999999996,41.125,11.207961,94,3328,3422
409,410,2012-02-14,Spring,2012,February,No,Tuesday,Yes,Cloudy or Misty,7.000848999999999,6.040436,50.875,9.458993,135,3787,3922
410,411,2012-02-15,Spring,2012,February,No,Wednesday,Yes,Clear,8.371651,7.207514000000003,53.125,12.167200000000001,141,4028,4169
411,412,2012-02-16,Spring,2012,February,No,Thursday,Yes,Cloudy or Misty,6.883348999999999,5.790692,75.29169999999999,6.125475000000001,74,2931,3005
412,413,2012-02-17,Spring,2012,February,No,Friday,Yes,Clear,8.136651,7.207514000000003,63.4583,13.791682,349,3805,4154
413,414,2012-02-18,Spring,2012,February,No,Saturday,No,Clear,8.293349,7.45805,53.4583,12.792243,1435,2883,4318
414,415,2012-02-19,Spring,2012,February,No,Sunday,No,Cloudy or Misty,5.160000000000002,1.5420080000000027,51.5833,16.958504,618,2071,2689
415,416,2012-02-20,Spring,2012,February,Yes,Monday,No,Clear,5.160000000000002,2.043806,50.7826,15.348561,502,2627,3129
416,417,2012-02-21,Spring,2012,February,No,Tuesday,Yes,Clear,5.5278220000000005,3.477458000000002,59.434799999999996,13.783039,163,3614,3777
417,418,2012-02-22,Spring,2012,February,No,Wednesday,Yes,Clear,10.604150999999998,9.916021999999998,56.7917,15.709557,394,4379,4773
418,419,2012-02-23,Spring,2012,February,No,Thursday,Yes,Clear,13.345849000000001,13.333435999999999,55.45830000000001,12.791171,516,4546,5062
419,420,2012-02-24,Spring,2012,February,No,Friday,Yes,Cloudy or Misty,11.1525,11.124085999999998,73.75,15.916989,246,3241,3487
420,421,2012-02-25,Spring,2012,February,No,Saturday,No,Clear,5.669151000000001,0.8745499999999993,39.5833,28.250014,317,2415,2732
421,422,2012-02-26,Spring,2012,February,No,Sunday,No,Clear,5.120849,1.708327999999998,41.0,13.750342999999999,515,2874,3389
422,423,2012-02-27,Spring,2012,February,No,Monday,Yes,Clear,9.233349,7.6249639999999985,49.0833,17.958211000000002,253,4069,4322
423,424,2012-02-28,Spring,2012,February,No,Tuesday,Yes,Clear,8.880849000000001,7.3326499999999974,39.5833,12.958939,229,4134,4363
424,425,2012-02-29,Spring,2012,February,No,Wednesday,Yes,Cloudy or Misty,8.184356000000001,6.999020000000002,80.4783,12.000839,65,1769,1834
425,426,2012-03-01,Spring,2012,March,No,Thursday,Yes,Clear,14.834151000000002,15.374485999999997,61.5417,15.208129,325,4665,4990
426,427,2012-03-02,Spring,2012,March,No,Friday,Yes,Cloudy or Misty,8.606651,7.749572000000001,65.7083,9.708568,246,2948,3194
427,428,2012-03-03,Spring,2012,March,No,Saturday,No,Cloudy or Misty,11.465848999999999,11.290472000000001,62.125,10.792293,956,3110,4066
428,429,2012-03-04,Spring,2012,March,No,Sunday,No,Clear,7.314150999999999,3.9993859999999977,40.3333,22.416257,710,2713,3423
429,430,2012-03-05,Spring,2012,March,No,Monday,Yes,Clear,3.4366509999999995,-0.08271400000000106,50.625,15.333486,203,3130,3333
430,431,2012-03-06,Spring,2012,March,No,Tuesday,Yes,Clear,4.1416509999999995,0.8327719999999985,45.6667,13.458625,221,3735,3956
431,432,2012-03-07,Spring,2012,March,No,Wednesday,Yes,Clear,10.995849,9.416599999999999,51.3333,23.167193,432,4484,4916
432,433,2012-03-08,Spring,2012,March,No,Thursday,Yes,Clear,16.792499999999997,18.623863999999998,56.75,29.584721,486,4896,5382
433,434,2012-03-09,Spring,2012,March,No,Friday,Yes,Cloudy or Misty,11.309151,10.207478000000002,40.708299999999994,27.7916,447,4122,4569
434,435,2012-03-10,Spring,2012,March,No,Saturday,No,Clear,5.512499999999999,2.3326220000000006,35.0417,15.125250000000001,968,3150,4118
435,436,2012-03-11,Spring,2012,March,No,Sunday,No,Clear,9.001732999999998,7.738219999999998,47.6957,14.913329000000001,1658,3253,4911
436,437,2012-03-12,Spring,2012,March,No,Monday,Yes,Clear,13.933349,14.333072000000001,48.9167,13.916771,838,4460,5298
437,438,2012-03-13,Spring,2012,March,No,Tuesday,Yes,Clear,18.554999999999996,19.833314,61.75000000000001,15.87565,762,5085,5847
438,439,2012-03-14,Spring,2012,March,No,Wednesday,Yes,Clear,18.9075,20.208722,50.708299999999994,7.709154,997,5315,6312
439,440,2012-03-15,Spring,2012,March,No,Thursday,Yes,Clear,18.2025,19.166449999999998,57.958299999999994,10.042161,1005,5187,6192
440,441,2012-03-16,Spring,2012,March,No,Friday,Yes,Cloudy or Misty,12.484151,12.791114,84.20830000000001,7.583864,548,3830,4378
441,442,2012-03-17,Spring,2012,March,No,Saturday,No,Cloudy or Misty,16.165849,17.333036,75.5833,7.417168,3155,4681,7836
442,443,2012-03-18,Spring,2012,March,No,Sunday,No,Cloudy or Misty,14.2075,14.624000000000002,81.0,8.501161,2207,3685,5892
443,444,2012-03-19,Spring,2012,March,No,Monday,Yes,Clear,17.615000000000002,19.166185999999996,72.875,10.875238999999999,982,5171,6153
444,445,2012-03-20,Spring,2012,March,No,Tuesday,Yes,Clear,18.359151,19.543178000000005,80.7917,8.125157,1051,5042,6093
445,446,2012-03-21,Summer,2012,March,No,Wednesday,Yes,Cloudy or Misty,16.988349,17.875028,82.125,6.000406099999999,1122,5108,6230
446,447,2012-03-22,Summer,2012,March,No,Thursday,Yes,Clear,18.045848999999997,19.083422,83.125,7.876654,1334,5537,6871
447,448,2012-03-23,Summer,2012,March,No,Friday,Yes,Cloudy or Misty,20.278349,21.624422000000003,69.41669999999999,7.7921000000000005,2469,5893,8362
448,449,2012-03-24,Summer,2012,March,No,Saturday,No,Cloudy or Misty,15.617499999999996,16.124378,88.5417,12.916461,1033,2339,3372
449,450,2012-03-25,Summer,2012,March,No,Sunday,No,Cloudy or Misty,12.5625,12.874208,88.0833,14.791924999999999,1532,3464,4996
450,451,2012-03-26,Summer,2012,March,No,Monday,Yes,Clear,12.954151,12.9575,47.7917,25.917007,795,4763,5558
451,452,2012-03-27,Summer,2012,March,No,Tuesday,Yes,Clear,7.196650999999999,4.833164,28.999999999999996,12.541864,531,4571,5102
452,453,2012-03-28,Summer,2012,March,No,Wednesday,Yes,Clear,14.755849000000001,15.082699999999999,48.125,19.541957,674,5024,5698
453,454,2012-03-29,Summer,2012,March,No,Thursday,Yes,Clear,15.225849,15.832063999999999,43.9167,21.41655,834,5299,6133
454,455,2012-03-30,Summer,2012,March,No,Friday,Yes,Cloudy or Misty,9.39,8.790986,58.0833,9.250489,796,4663,5459
455,456,2012-03-31,Summer,2012,March,No,Saturday,No,Cloudy or Misty,11.935849000000001,11.832728000000003,73.83330000000001,16.791338999999997,2301,3934,6235
456,457,2012-04-01,Summer,2012,April,No,Sunday,No,Cloudy or Misty,12.014151000000002,11.540942000000001,67.625,11.541889,2347,3694,6041
457,458,2012-04-02,Summer,2012,April,No,Monday,Yes,Clear,12.393911,12.215857999999997,50.4348,20.913313,1208,4728,5936
458,459,2012-04-03,Summer,2012,April,No,Tuesday,Yes,Clear,13.933349,14.457877999999997,39.6667,6.708911,1348,5424,6772
459,460,2012-04-04,Summer,2012,April,No,Wednesday,Yes,Clear,17.458349000000002,19.207699999999996,46.958299999999994,12.125325,1058,5378,6436
460,461,2012-04-05,Summer,2012,April,No,Thursday,Yes,Clear,12.445,12.456758,37.416700000000006,14.708443,1192,5265,6457
461,462,2012-04-06,Summer,2012,April,No,Friday,Yes,Clear,10.956651,9.790621999999999,37.7083,20.125996,1807,4653,6460
462,463,2012-04-07,Summer,2012,April,No,Saturday,No,Clear,12.5625,12.124513999999998,25.4167,18.416356999999998,3252,3605,6857
463,464,2012-04-08,Summer,2012,April,No,Sunday,No,Clear,15.5,16.50005,27.5833,15.583931999999999,2230,2939,5169
464,465,2012-04-09,Summer,2012,April,No,Monday,Yes,Clear,14.990849,15.458108,31.75,23.999132,905,4680,5585
465,466,2012-04-10,Summer,2012,April,No,Tuesday,Yes,Clear,12.993348999999998,12.791377999999998,43.5,16.708125000000003,819,5099,5918
466,467,2012-04-11,Summer,2012,April,No,Wednesday,Yes,Clear,8.388712000000002,6.260084000000003,46.9565,19.783358,482,4380,4862
467,468,2012-04-12,Summer,2012,April,No,Thursday,Yes,Clear,10.682500000000001,9.581864,46.625,19.458743,663,4746,5409
468,469,2012-04-13,Summer,2012,April,No,Friday,Yes,Clear,12.7975,12.499328000000002,40.8333,10.416557,1252,5146,6398
469,470,2012-04-14,Summer,2012,April,No,Saturday,No,Clear,15.265,16.207735999999997,50.29169999999999,12.791439,2795,4665,7460
470,471,2012-04-15,Summer,2012,April,No,Sunday,No,Clear,20.513348999999998,21.875750000000004,50.79169999999999,15.083643,2846,4286,7132
471,472,2012-04-16,Summer,2012,April,Yes,Monday,No,Clear,23.215849,24.585050000000003,56.166700000000006,19.083543,1198,5172,6370
472,473,2012-04-17,Summer,2012,April,No,Tuesday,Yes,Clear,20.591651,23.500141999999997,39.0417,18.333143,989,5702,6691
473,474,2012-04-18,Summer,2012,April,No,Wednesday,Yes,Cloudy or Misty,13.776651000000001,14.164508000000001,56.9167,11.250104,347,4020,4367
474,475,2012-04-19,Summer,2012,April,No,Thursday,Yes,Clear,15.421651,16.541036,61.25000000000001,4.417256399999999,846,5719,6565
475,476,2012-04-20,Summer,2012,April,No,Friday,Yes,Clear,16.753349,18.041150000000002,69.4583,10.041357,1340,5950,7290
476,477,2012-04-21,Summer,2012,April,No,Saturday,No,Clear,18.79,19.832786,68.2917,19.000328999999997,2541,4083,6624
477,478,2012-04-22,Summer,2012,April,No,Sunday,No,Light Rain/Snow,10.643349,9.707264000000002,83.54169999999999,23.084582,120,907,1027
478,479,2012-04-23,Summer,2012,April,No,Monday,Yes,Cloudy or Misty,7.1183489999999985,3.87425,76.66669999999999,20.334232,195,3019,3214
479,480,2012-04-24,Summer,2012,April,No,Tuesday,Yes,Clear,11.426651,10.748678000000002,45.4167,16.708661,518,5115,5633
480,481,2012-04-25,Summer,2012,April,No,Wednesday,Yes,Clear,14.403348999999999,15.040921999999998,42.7917,7.959064,655,5541,6196
481,482,2012-04-26,Summer,2012,April,No,Thursday,Yes,Cloudy or Misty,15.421651,15.916477999999998,75.66669999999999,11.833875,475,4551,5026
482,483,2012-04-27,Summer,2012,April,No,Friday,Yes,Clear,13.502500000000001,13.874042,40.0833,23.291411,1014,5219,6233
483,484,2012-04-28,Summer,2012,April,No,Saturday,No,Cloudy or Misty,9.703349,8.915264,48.9583,8.708325,1120,3100,4220
484,485,2012-04-29,Summer,2012,April,No,Sunday,No,Clear,13.541650999999998,13.707985999999998,58.7083,7.8328359999999995,2229,4075,6304
485,486,2012-04-30,Summer,2012,April,No,Monday,Yes,Cloudy or Misty,13.815849,14.207936,56.99999999999999,11.499746,665,4907,5572
486,487,2012-05-01,Summer,2012,May,No,Tuesday,Yes,Cloudy or Misty,20.826651000000002,22.083385999999997,65.95830000000001,10.458432,653,5087,5740
487,488,2012-05-02,Summer,2012,May,No,Wednesday,Yes,Clear,18.515849,19.501136000000002,79.7083,9.249885999999998,667,5502,6169
488,489,2012-05-03,Summer,2012,May,No,Thursday,Yes,Cloudy or Misty,18.320000000000004,19.457971999999998,76.83330000000001,8.957632,764,5657,6421
489,490,2012-05-04,Summer,2012,May,No,Friday,Yes,Clear,21.492499999999996,23.000522000000004,73.54169999999999,10.916846,1069,5227,6296
490,491,2012-05-05,Summer,2012,May,No,Saturday,No,Cloudy or Misty,21.218349,22.584128,75.66669999999999,10.250464,2496,4387,6883
491,492,2012-05-06,Summer,2012,May,No,Sunday,No,Cloudy or Misty,18.4375,20.084642000000002,74.0,10.041893,2135,4224,6359
492,493,2012-05-07,Summer,2012,May,No,Monday,Yes,Cloudy or Misty,17.2625,18.791372000000003,66.41669999999999,15.458307000000001,1008,5265,6273
493,494,2012-05-08,Summer,2012,May,No,Tuesday,Yes,Cloudy or Misty,19.338349,20.793086000000002,68.58330000000001,19.833942999999998,738,4990,5728
494,495,2012-05-09,Summer,2012,May,No,Wednesday,Yes,Cloudy or Misty,19.025,20.499650000000003,74.4167,14.499604,620,4097,4717
495,496,2012-05-10,Summer,2012,May,No,Thursday,Yes,Clear,15.774151,16.457678,55.2083,21.042220999999998,1026,5546,6572
496,497,2012-05-11,Summer,2012,May,No,Friday,Yes,Clear,17.066650999999997,18.374978,36.0417,15.874779,1319,5711,7030
497,498,2012-05-12,Summer,2012,May,No,Saturday,No,Clear,18.515849,19.957921999999996,48.0417,8.249911,2622,4807,7429
498,499,2012-05-13,Summer,2012,May,No,Sunday,No,Clear,20.7875,22.625708000000003,57.62500000000001,15.082839,2172,3946,6118
499,500,2012-05-14,Summer,2012,May,No,Monday,Yes,Cloudy or Misty,18.946651,20.293400000000005,78.95830000000001,14.250364,342,2501,2843
500,501,2012-05-15,Summer,2012,May,No,Tuesday,Yes,Cloudy or Misty,20.748348999999997,22.042664000000002,79.45830000000001,9.875264,625,4490,5115
501,502,2012-05-16,Summer,2012,May,No,Wednesday,Yes,Clear,21.923348999999998,23.33435,69.7917,8.208304,991,6433,7424
502,503,2012-05-17,Summer,2012,May,No,Thursday,Yes,Clear,19.886651,21.792458000000003,52.0,15.374825000000001,1242,6142,7384
503,504,2012-05-18,Summer,2012,May,No,Friday,Yes,Clear,18.515849,20.373985999999995,52.33330000000001,9.166739,1521,6118,7639
504,505,2012-05-19,Summer,2012,May,No,Saturday,No,Clear,20.2,21.415928,45.625,5.626325,3410,4884,8294
505,506,2012-05-20,Summer,2012,May,No,Sunday,No,Clear,21.179150999999997,22.541822000000003,53.041700000000006,17.042589,2704,4425,7129
506,507,2012-05-21,Summer,2012,May,No,Monday,Yes,Cloudy or Misty,20.121651,21.334022000000004,81.125,15.624668,630,3729,4359
507,508,2012-05-22,Summer,2012,May,No,Tuesday,Yes,Cloudy or Misty,20.905,22.334450000000004,76.5833,7.917189,819,5254,6073
508,509,2012-05-23,Summer,2012,May,No,Wednesday,Yes,Cloudy or Misty,21.218349,22.584392,77.45830000000001,6.834,766,4494,5260
509,510,2012-05-24,Summer,2012,May,No,Thursday,Yes,Clear,22.785,24.0422,71.6667,11.584031999999999,1059,5711,6770
510,511,2012-05-25,Summer,2012,May,No,Friday,Yes,Clear,23.96,25.416914,74.70830000000001,9.41685,1417,5317,6734
511,512,2012-05-26,Summer,2012,May,No,Saturday,No,Clear,24.5475,26.417936000000005,73.25,13.332464,2855,3681,6536
512,513,2012-05-27,Summer,2012,May,No,Sunday,No,Clear,24.43,26.334050000000005,69.7083,14.416457,3283,3308,6591
513,514,2012-05-28,Summer,2012,May,Yes,Monday,No,Clear,25.487500000000004,28.833800000000004,67.625,13.166907,2557,3486,6043
514,515,2012-05-29,Summer,2012,May,No,Tuesday,Yes,Clear,25.957500000000003,28.417472000000004,68.45830000000001,19.7918,880,4863,5743
515,516,2012-05-30,Summer,2012,May,No,Wednesday,Yes,Cloudy or Misty,22.863349,24.334514,67.0,9.000043,745,6110,6855
516,517,2012-05-31,Summer,2012,May,No,Thursday,Yes,Clear,23.96,25.667714000000004,49.2917,13.083693,1100,6238,7338
517,518,2012-06-01,Summer,2012,June,No,Friday,Yes,Cloudy or Misty,22.745849000000003,24.125492,75.5417,15.916720999999999,533,3594,4127
518,519,2012-06-02,Summer,2012,June,No,Saturday,No,Clear,19.416650999999998,21.375008,54.9167,12.499654,2795,5325,8120
519,520,2012-06-03,Summer,2012,June,No,Sunday,No,Clear,20.317500000000003,21.958778000000002,49.3333,12.333829,2494,5147,7641
520,521,2012-06-04,Summer,2012,June,No,Monday,Yes,Clear,20.082500000000003,22.166677999999997,48.7083,19.083811,1071,5927,6998
521,522,2012-06-05,Summer,2012,June,No,Tuesday,Yes,Cloudy or Misty,17.419151,18.708872,61.3333,14.041525,968,6033,7001
522,523,2012-06-06,Summer,2012,June,No,Wednesday,Yes,Clear,18.045848999999997,19.791272,61.12499999999999,5.167375,1027,6028,7055
523,524,2012-06-07,Summer,2012,June,No,Thursday,Yes,Clear,20.317500000000003,21.583171999999998,56.7083,10.542449999999999,1038,6456,7494
524,525,2012-06-08,Summer,2012,June,No,Friday,Yes,Clear,22.510849000000004,23.458892,46.791700000000006,11.750661000000001,1488,6248,7736
525,526,2012-06-09,Summer,2012,June,No,Saturday,No,Clear,25.409151,26.792222000000002,43.7083,9.667229,2708,4790,7498
526,527,2012-06-10,Summer,2012,June,No,Sunday,No,Clear,26.153349,27.792122,53.833299999999994,8.959307,2224,4374,6598
527,528,2012-06-11,Summer,2012,June,No,Monday,Yes,Cloudy or Misty,25.879151,27.541586000000002,58.791700000000006,13.916771,1017,5647,6664
528,529,2012-06-12,Summer,2012,June,No,Tuesday,Yes,Cloudy or Misty,22.706651,23.45975,83.3333,14.374581999999998,477,4495,4972
529,530,2012-06-13,Summer,2012,June,No,Wednesday,Yes,Clear,22.824151,24.333722,58.2083,22.999693,1173,6248,7421
530,531,2012-06-14,Summer,2012,June,No,Thursday,Yes,Clear,22.471651,25.209278000000005,56.958299999999994,17.000111,1180,6183,7363
531,532,2012-06-15,Summer,2012,June,No,Friday,Yes,Clear,22.040849,23.583764000000002,58.958299999999994,11.833339,1563,6102,7665
532,533,2012-06-16,Summer,2012,June,No,Saturday,No,Clear,21.688349,23.250728000000002,50.416700000000006,11.166689,2963,4739,7702
533,534,2012-06-17,Summer,2012,June,No,Sunday,No,Clear,19.8475,21.750349999999997,59.875,9.708568,2634,4344,6978
534,535,2012-06-18,Summer,2012,June,No,Monday,Yes,Cloudy or Misty,18.711651,19.959572,77.79169999999999,11.707982000000001,653,4446,5099
535,536,2012-06-19,Summer,2012,June,No,Tuesday,Yes,Clear,24.351650999999997,27.209672000000005,69.0,9.917139,968,5857,6825
536,537,2012-06-20,Summer,2012,June,No,Wednesday,Yes,Clear,28.777499999999996,31.58435,59.2083,7.625404,872,5339,6211
537,538,2012-06-21,Fall,2012,June,No,Thursday,Yes,Clear,29.874150999999998,33.667772,56.7917,7.958729,778,5127,5905
538,539,2012-06-22,Fall,2012,June,No,Friday,Yes,Clear,28.542499999999997,31.791986,57.375,12.250414000000001,964,4859,5823
539,540,2012-06-23,Fall,2012,June,No,Saturday,No,Clear,26.388348999999998,27.084272000000006,53.4583,12.041307,2657,4801,7458
540,541,2012-06-24,Fall,2012,June,No,Sunday,No,Clear,26.936650999999998,28.500764000000004,47.9167,9.750174999999999,2551,4340,6891
541,542,2012-06-25,Fall,2012,June,No,Monday,Yes,Clear,25.644151,27.166772,50.416700000000006,20.125661,1139,5640,6779
542,543,2012-06-26,Fall,2012,June,No,Tuesday,Yes,Clear,21.649151,23.250464,37.3333,23.292014,1077,6365,7442
543,544,2012-06-27,Fall,2012,June,No,Wednesday,Yes,Clear,24.7825,26.292272000000004,36.0,18.208925,1077,6258,7335
544,545,2012-06-28,Fall,2012,June,No,Thursday,Yes,Clear,27.210849000000003,28.583792000000003,42.25,11.50055,921,5958,6879
545,546,2012-06-29,Fall,2012,June,No,Friday,Yes,Clear,31.205849,35.916458,48.875,11.082939000000001,829,4634,5463
546,547,2012-06-30,Fall,2012,June,No,Saturday,No,Clear,27.955,29.375528000000003,60.12499999999999,10.791756999999999,1455,4232,5687
547,548,2012-07-01,Fall,2012,July,No,Sunday,No,Clear,30.344151000000004,33.541514,51.87500000000001,11.291443000000001,1421,4110,5531
548,549,2012-07-02,Fall,2012,July,No,Monday,Yes,Clear,28.738349,30.334508000000007,44.7083,13.082889,904,5323,6227
549,550,2012-07-03,Fall,2012,July,No,Tuesday,Yes,Clear,28.699151,30.374899999999997,49.2083,8.457878999999998,1052,5608,6660
550,551,2012-07-04,Fall,2012,July,Yes,Wednesday,No,Clear,29.090849,32.334242,53.87499999999999,9.041649999999999,2562,4841,7403
551,552,2012-07-05,Fall,2012,July,No,Thursday,Yes,Clear,30.8925,34.250222,45.7917,12.999943,1405,4836,6241
552,553,2012-07-06,Fall,2012,July,No,Friday,Yes,Clear,30.931651000000002,33.667178,45.0833,9.791514,1366,4841,6207
553,554,2012-07-07,Fall,2012,July,No,Saturday,No,Clear,32.498349,37.124258,49.2083,10.958118,1448,3392,4840
554,555,2012-07-08,Fall,2012,July,No,Sunday,No,Clear,30.6575,36.166136,57.375,8.417143,1203,3469,4672
555,556,2012-07-09,Fall,2012,July,No,Monday,Yes,Cloudy or Misty,25.409151,27.167564,68.3333,12.125325,998,5571,6569
556,557,2012-07-10,Fall,2012,July,No,Tuesday,Yes,Cloudy or Misty,25.879151,27.876536,66.75,10.166379000000001,954,5336,6290
557,558,2012-07-11,Fall,2012,July,No,Wednesday,Yes,Clear,25.683349,26.917886000000003,63.3333,10.166111,975,6289,7264
558,559,2012-07-12,Fall,2012,July,No,Thursday,Yes,Clear,25.644151,27.209077999999998,52.9583,9.833924999999999,1032,6414,7446
559,560,2012-07-13,Fall,2012,July,No,Friday,Yes,Cloudy or Misty,26.388348999999998,28.083578000000003,48.5833,5.41695,1511,5988,7499
560,561,2012-07-14,Fall,2012,July,No,Saturday,No,Cloudy or Misty,25.056651000000002,27.958772000000003,69.91669999999999,9.626493,2355,4614,6969
561,562,2012-07-15,Fall,2012,July,No,Sunday,No,Clear,27.054150999999997,30.542936000000005,71.7917,11.166689,1920,4111,6031
562,563,2012-07-16,Fall,2012,July,No,Monday,Yes,Clear,27.876651000000003,31.792250000000003,64.5,11.000529,1088,5742,6830
563,564,2012-07-17,Fall,2012,July,No,Tuesday,Yes,Clear,30.461650999999996,33.875078,50.583299999999994,7.666743,921,5865,6786
564,565,2012-07-18,Fall,2012,July,No,Wednesday,Yes,Clear,29.286651,33.208478,57.7083,9.208614,799,4914,5713
565,566,2012-07-19,Fall,2012,July,No,Thursday,Yes,Clear,28.189999999999998,31.166372000000003,60.0417,11.083743,888,5703,6591
566,567,2012-07-20,Fall,2012,July,No,Friday,Yes,Cloudy or Misty,23.294151,24.459650000000003,84.4167,14.000789000000001,747,5123,5870
567,568,2012-07-21,Fall,2012,July,No,Saturday,No,Light Rain/Snow,20.004150999999997,20.294191999999995,86.5417,14.2911,1264,3195,4459
568,569,2012-07-22,Fall,2012,July,No,Sunday,No,Cloudy or Misty,23.3725,25.126250000000006,76.25,6.2926936,2544,4866,7410
569,570,2012-07-23,Fall,2012,July,No,Monday,Yes,Clear,26.858348999999997,29.541122,69.41669999999999,9.291761,1135,5831,6966
570,571,2012-07-24,Fall,2012,July,No,Tuesday,Yes,Clear,27.289150999999997,30.625700000000002,65.5,14.167418,1140,6452,7592
571,572,2012-07-25,Fall,2012,July,No,Wednesday,Yes,Clear,26.035849,27.167564,45.0,11.0416,1383,6790,8173
572,573,2012-07-26,Fall,2012,July,No,Thursday,Yes,Clear,28.503349,32.791358,59.66669999999999,19.082470999999998,1036,5825,6861
573,574,2012-07-27,Fall,2012,July,No,Friday,Yes,Clear,28.738349,32.458322,59.458299999999994,10.250464,1259,5645,6904
574,575,2012-07-28,Fall,2012,July,No,Saturday,No,Clear,27.524150999999996,30.041863999999997,61.3333,10.542449999999999,2234,4451,6685
575,576,2012-07-29,Fall,2012,July,No,Sunday,No,Clear,25.918349,28.083578000000003,62.375,11.416532,2153,4444,6597
576,577,2012-07-30,Fall,2012,July,No,Monday,Yes,Clear,26.349151,29.209142,66.875,10.292339,1040,6065,7105
577,578,2012-07-31,Fall,2012,July,No,Tuesday,Yes,Clear,25.526651,27.751136000000002,70.41669999999999,11.083475,968,6248,7216
578,579,2012-08-01,Fall,2012,August,No,Wednesday,Yes,Clear,25.722500000000004,28.042327999999998,67.75,9.458993,1074,6506,7580
579,580,2012-08-02,Fall,2012,August,No,Thursday,Yes,Clear,27.3675,30.667808,65.95830000000001,8.666718,983,6278,7261
580,581,2012-08-03,Fall,2012,August,No,Friday,Yes,Cloudy or Misty,27.994151000000002,31.709222000000004,64.25,14.458064,1328,5847,7175
581,582,2012-08-04,Fall,2012,August,No,Saturday,No,Clear,29.286651,33.583622,61.3333,17.249686,2345,4479,6824
582,583,2012-08-05,Fall,2012,August,No,Sunday,No,Clear,28.150849,32.251214000000004,65.25,19.458206999999998,1707,3757,5464
583,584,2012-08-06,Fall,2012,August,No,Monday,Yes,Cloudy or Misty,27.3675,30.876236000000006,65.4167,8.666718,1233,5780,7013
584,585,2012-08-07,Fall,2012,August,No,Tuesday,Yes,Cloudy or Misty,26.584151,30.042986000000006,70.375,7.8328359999999995,1278,5995,7273
585,586,2012-08-08,Fall,2012,August,No,Wednesday,Yes,Cloudy or Misty,27.25,30.709322,67.29169999999999,7.4169,1263,6271,7534
586,587,2012-08-09,Fall,2012,August,No,Thursday,Yes,Clear,27.524150999999996,30.167528000000004,62.0417,10.458699999999999,1196,6090,7286
587,588,2012-08-10,Fall,2012,August,No,Friday,Yes,Cloudy or Misty,25.644151,28.084172000000002,71.58330000000001,16.000471,1065,4721,5786
588,589,2012-08-11,Fall,2012,August,No,Saturday,No,Cloudy or Misty,24.5475,26.125622,73.2917,13.834093,2247,4052,6299
589,590,2012-08-12,Fall,2012,August,No,Sunday,No,Clear,24.939151000000003,26.542214,53.041700000000006,8.208304,2182,4362,6544
590,591,2012-08-13,Fall,2012,August,No,Monday,Yes,Clear,25.879151,27.708764000000002,54.541700000000006,9.126204,1207,5676,6883
591,592,2012-08-14,Fall,2012,August,No,Tuesday,Yes,Clear,26.153349,28.667414,68.6667,11.333586,1128,5656,6784
592,593,2012-08-15,Fall,2012,August,No,Wednesday,Yes,Clear,25.213349,27.166441999999996,61.9583,11.374657000000001,1198,6149,7347
593,594,2012-08-16,Fall,2012,August,No,Thursday,Yes,Clear,25.800849,27.209408000000003,51.916700000000006,9.500332,1338,6267,7605
594,595,2012-08-17,Fall,2012,August,No,Friday,Yes,Clear,25.996651,-0.0015999999999998238,57.0833,15.500718,1483,5665,7148
595,596,2012-08-18,Fall,2012,August,No,Saturday,No,Clear,23.881650999999998,24.792686000000003,60.3333,11.917089,2827,5038,7865
596,597,2012-08-19,Fall,2012,August,No,Sunday,No,Cloudy or Misty,21.884151,23.834564,71.1667,5.79215,1208,3341,4549
597,598,2012-08-20,Fall,2012,August,No,Monday,Yes,Cloudy or Misty,21.884151,23.333822000000005,73.4167,8.708593,1026,5504,6530
598,599,2012-08-21,Fall,2012,August,No,Tuesday,Yes,Clear,22.510849000000004,23.667650000000002,67.375,4.8756436,1081,5925,7006
599,600,2012-08-22,Fall,2012,August,No,Wednesday,Yes,Clear,23.3725,25.042364,67.7083,4.708981100000001,1094,6281,7375
600,601,2012-08-23,Fall,2012,August,No,Thursday,Yes,Clear,24.704151000000003,26.042528000000004,63.5833,5.6679186,1363,6402,7765
601,602,2012-08-24,Fall,2012,August,No,Friday,Yes,Cloudy or Misty,25.0175,26.708600000000004,61.5,4.8337686,1325,6257,7582
602,603,2012-08-25,Fall,2012,August,No,Saturday,No,Cloudy or Misty,23.098349,24.833936,71.2917,16.375336,1829,4224,6053
603,604,2012-08-26,Fall,2012,August,No,Sunday,No,Cloudy or Misty,22.706651,23.335735999999997,84.5833,15.333486,1483,3772,5255
604,605,2012-08-27,Fall,2012,August,No,Monday,Yes,Clear,25.056651000000002,27.209408000000003,73.04169999999999,8.625110999999999,989,5928,6917
605,606,2012-08-28,Fall,2012,August,No,Tuesday,Yes,Clear,26.231651,27.9593,62.0,12.791975,935,6105,7040
606,607,2012-08-29,Fall,2012,August,No,Wednesday,Yes,Clear,24.195,25.958377999999996,55.2083,7.541653999999999,1177,6520,7697
607,608,2012-08-30,Fall,2012,August,No,Thursday,Yes,Clear,25.213349,27.083413999999998,59.0417,5.1668189,1172,6541,7713
608,609,2012-08-31,Fall,2012,August,No,Friday,Yes,Clear,27.915849,29.5004,58.75,11.291711,1433,5917,7350
609,610,2012-09-01,Fall,2012,September,No,Saturday,No,Cloudy or Misty,27.406651000000004,30.375163999999998,63.8333,7.5835289999999995,2352,3788,6140
610,611,2012-09-02,Fall,2012,September,No,Sunday,No,Cloudy or Misty,24.743349000000002,26.834000000000003,81.5,4.2927436,2613,3197,5810
611,612,2012-09-03,Fall,2012,September,Yes,Monday,No,Clear,25.252499999999998,27.667514000000004,79.0833,10.125107,1965,4069,6034
612,613,2012-09-04,Fall,2012,September,No,Tuesday,Yes,Clear,26.114151,29.334608000000003,75.5,15.833507,867,5997,6864
613,614,2012-09-05,Fall,2012,September,No,Wednesday,Yes,Clear,26.623348999999997,30.792878,74.125,12.583136,832,6280,7112
614,615,2012-09-06,Fall,2012,September,No,Thursday,Yes,Cloudy or Misty,24.743349000000002,27.251714000000007,81.0417,9.542207,611,5592,6203
615,616,2012-09-07,Fall,2012,September,No,Friday,Yes,Clear,25.056651000000002,27.375464,73.625,11.500282,1045,6459,7504
616,617,2012-09-08,Fall,2012,September,No,Saturday,No,Cloudy or Misty,22.980849,24.333986000000003,79.91669999999999,18.833968000000002,1557,4419,5976
617,618,2012-09-09,Fall,2012,September,No,Sunday,No,Clear,20.669999999999998,22.209050000000005,54.75,15.041232,2570,5657,8227
618,619,2012-09-10,Fall,2012,September,No,Monday,Yes,Clear,19.416650999999998,21.333163999999996,50.375,17.333771000000002,1118,6407,7525
619,620,2012-09-11,Fall,2012,September,No,Tuesday,Yes,Clear,19.142500000000002,20.583272,52.0,6.1676314,1070,6697,7767
620,621,2012-09-12,Fall,2012,September,No,Wednesday,Yes,Clear,20.160849,21.62495,57.7083,8.833682,1050,6820,7870
621,622,2012-09-13,Fall,2012,September,No,Thursday,Yes,Clear,20.7875,22.250828,63.708299999999994,5.5422936,1054,6750,7804
622,623,2012-09-14,Fall,2012,September,No,Friday,Yes,Clear,21.766651000000003,23.209478000000004,67.25,6.9588209999999995,1379,6630,8009
623,624,2012-09-15,Fall,2012,September,No,Saturday,No,Clear,20.591651,22.667222000000002,50.1667,16.583907,3160,5554,8714
624,625,2012-09-16,Fall,2012,September,No,Sunday,No,Clear,19.259999999999998,21.166249999999998,56.99999999999999,6.042281099999999,2166,5167,7333
625,626,2012-09-17,Fall,2012,September,No,Monday,Yes,Cloudy or Misty,19.299151000000002,20.5013,73.4583,10.166713999999999,1022,5847,6869
626,627,2012-09-18,Fall,2012,September,No,Tuesday,Yes,Cloudy or Misty,21.296651,21.294421999999997,87.25,23.958329,371,3702,4073
627,628,2012-09-19,Fall,2012,September,No,Wednesday,Yes,Clear,17.9675,19.666663999999997,53.6667,14.416725,788,6803,7591
628,629,2012-09-20,Fall,2012,September,No,Thursday,Yes,Clear,17.693349,19.124671999999997,61.8333,7.917189,939,6781,7720
629,630,2012-09-21,Fall,2012,September,No,Friday,Yes,Clear,20.160849,21.750086000000003,66.875,10.333343000000001,1250,6917,8167
630,631,2012-09-22,Fall,2012,September,No,Saturday,No,Clear,22.55,24.292208000000002,64.6667,19.000061,2512,5883,8395
631,632,2012-09-23,Winter,2012,September,No,Sunday,No,Clear,16.870849000000003,18.249578,46.7083,14.958286000000001,2454,5453,7907
632,633,2012-09-24,Winter,2012,September,No,Monday,Yes,Clear,16.165849,17.165858,49.2917,9.541068000000001,1001,6435,7436
633,634,2012-09-25,Winter,2012,September,No,Tuesday,Yes,Clear,17.85,19.915813999999997,56.99999999999999,15.833507,845,6693,7538
634,635,2012-09-26,Winter,2012,September,No,Wednesday,Yes,Clear,21.845,23.376458,63.083299999999994,16.3748,787,6946,7733
635,636,2012-09-27,Winter,2012,September,No,Thursday,Yes,Cloudy or Misty,22.55,24.126350000000002,69.08330000000001,9.000914,751,6642,7393
636,637,2012-09-28,Winter,2012,September,No,Friday,Yes,Cloudy or Misty,21.100849,22.666958,69.0,10.999993,1045,6370,7415
637,638,2012-09-29,Winter,2012,September,No,Saturday,No,Clear,17.4975,18.999536,54.2917,15.249468,2589,5966,8555
638,639,2012-09-30,Winter,2012,September,No,Sunday,No,Clear,16.753349,18.165757999999997,58.3333,9.042186,2015,4874,6889
639,640,2012-10-01,Winter,2012,October,No,Monday,Yes,Cloudy or Misty,16.479150999999998,17.792,64.9167,6.0838814,763,6015,6778
640,641,2012-10-02,Winter,2012,October,No,Tuesday,Yes,Light Rain/Snow,19.769151,19.793977999999996,87.16669999999999,6.9998249999999995,315,4324,4639
641,642,2012-10-03,Winter,2012,October,No,Wednesday,Yes,Cloudy or Misty,22.9025,23.542778,79.375,4.4585686,728,6844,7572
642,643,2012-10-04,Winter,2012,October,No,Thursday,Yes,Cloudy or Misty,22.9025,24.126350000000002,72.2917,7.875582,891,6437,7328
643,644,2012-10-05,Winter,2012,October,No,Friday,Yes,Clear,20.905,22.292341999999998,62.74999999999999,7.12545,1516,6640,8156
644,645,2012-10-06,Winter,2012,October,No,Saturday,No,Clear,18.045848999999997,19.542386,66.41669999999999,17.957675000000002,3031,4934,7965
645,646,2012-10-07,Winter,2012,October,No,Sunday,No,Cloudy or Misty,11.544151,11.707657999999999,70.8333,9.457854000000001,781,2729,3510
646,647,2012-10-08,Winter,2012,October,Yes,Monday,No,Cloudy or Misty,10.016651,9.582128,70.9583,12.708492999999999,874,4604,5478
647,648,2012-10-09,Winter,2012,October,No,Tuesday,Yes,Cloudy or Misty,12.993348999999998,12.915392,76.16669999999999,12.7501,601,5791,6392
648,649,2012-10-10,Winter,2012,October,No,Wednesday,Yes,Clear,16.165849,17.207372,63.083299999999994,12.584007,780,6911,7691
649,650,2012-10-11,Winter,2012,October,No,Thursday,Yes,Clear,12.445,12.457022000000002,46.3333,12.166932000000001,834,6736,7570
650,651,2012-10-12,Winter,2012,October,No,Friday,Yes,Clear,12.5625,12.582685999999999,53.91669999999999,15.751164,1060,6222,7282
651,652,2012-10-13,Winter,2012,October,No,Saturday,No,Clear,10.486650999999998,9.832136000000002,49.4583,9.791514,2252,4857,7109
652,653,2012-10-14,Winter,2012,October,No,Sunday,No,Clear,16.518349,17.541463999999998,64.0417,18.667004000000002,2080,4559,6639
653,654,2012-10-15,Winter,2012,October,No,Monday,Yes,Cloudy or Misty,18.398349,19.5839,70.75,19.834478999999998,760,5115,5875
654,655,2012-10-16,Winter,2012,October,No,Tuesday,Yes,Clear,14.011651,14.415835999999999,55.833299999999994,12.208807,922,6612,7534
655,656,2012-10-17,Winter,2012,October,No,Wednesday,Yes,Clear,13.424150999999998,13.707128,69.2917,6.791857,979,6482,7461
656,657,2012-10-18,Winter,2012,October,No,Thursday,Yes,Cloudy or Misty,16.557499999999997,17.83325,72.8333,15.874779,1008,6501,7509
657,658,2012-10-19,Winter,2012,October,No,Friday,Yes,Cloudy or Misty,18.476651,19.501136000000002,81.5,9.041917999999999,753,4671,5424
658,659,2012-10-20,Winter,2012,October,No,Saturday,No,Clear,14.755849000000001,15.207571999999999,57.2917,7.874979,2806,5284,8090
659,660,2012-10-21,Winter,2012,October,No,Sunday,No,Clear,13.815849,14.124313999999998,51.0,11.125618000000001,2132,4692,6824
660,661,2012-10-22,Winter,2012,October,No,Monday,Yes,Clear,14.912499999999998,15.874171999999998,56.833299999999994,5.4593811,830,6228,7058
661,662,2012-10-23,Winter,2012,October,No,Tuesday,Yes,Clear,17.575848999999998,19.000064000000002,64.16669999999999,6.3345686,841,6625,7466
662,663,2012-10-24,Winter,2012,October,No,Wednesday,Yes,Clear,19.6125,20.875586,63.625,4.8762064,795,6898,7693
663,664,2012-10-25,Winter,2012,October,No,Thursday,Yes,Cloudy or Misty,17.85,18.959408000000003,80.0417,8.333125,875,6484,7359
664,665,2012-10-26,Winter,2012,October,No,Friday,Yes,Cloudy or Misty,17.654151,18.5015,80.7083,8.875289,1182,6262,7444
665,666,2012-10-27,Winter,2012,October,No,Saturday,No,Cloudy or Misty,16.91,17.998777999999994,72.0,15.791364000000002,2643,5209,7852
666,667,2012-10-28,Winter,2012,October,No,Sunday,No,Cloudy or Misty,14.442499999999999,14.872886000000001,69.4583,26.666535999999997,998,3461,4459
667,668,2012-10-29,Winter,2012,October,No,Monday,Yes,Light Rain/Snow,12.68,13.000399999999999,88.0,23.9994,2,20,22
668,669,2012-10-30,Winter,2012,October,No,Tuesday,Yes,Cloudy or Misty,6.954554000000002,4.453993999999998,82.5455,14.271603,87,1009,1096
669,670,2012-10-31,Winter,2012,October,No,Wednesday,Yes,Cloudy or Misty,8.802499999999998,7.832599999999999,66.6667,11.166689,419,5147,5566
670,671,2012-11-01,Winter,2012,November,No,Thursday,Yes,Cloudy or Misty,9.194151000000002,8.416172,58.166700000000006,10.542182,466,5520,5986
671,672,2012-11-02,Winter,2012,November,No,Friday,Yes,Clear,8.684999999999999,7.498772000000002,52.208299999999994,17.833725,618,5229,5847
672,673,2012-11-03,Winter,2012,November,No,Saturday,No,Cloudy or Misty,8.136651,5.373836000000001,49.125,18.125443,1029,4109,5138
673,674,2012-11-04,Winter,2012,November,No,Sunday,No,Clear,7.314150999999999,5.749507999999999,53.2917,12.000236,1201,3906,5107
674,675,2012-11-05,Winter,2012,November,No,Monday,Yes,Clear,7.000848999999999,4.33295,49.416700000000006,15.833775000000001,378,4881,5259
675,676,2012-11-06,Winter,2012,November,No,Tuesday,Yes,Clear,5.1991510000000005,2.5834220000000023,56.7083,11.625371,466,5220,5686
676,677,2012-11-07,Winter,2012,November,No,Wednesday,Yes,Cloudy or Misty,5.904151000000001,2.124986,54.75,20.375236,326,4709,5035
677,678,2012-11-08,Winter,2012,November,No,Thursday,Yes,Clear,8.552177999999998,6.564806000000001,33.3478,23.304945,340,4975,5315
678,679,2012-11-09,Winter,2012,November,No,Friday,Yes,Clear,8.998349000000001,7.4572579999999995,54.0833,14.375386,709,5283,5992
679,680,2012-11-10,Winter,2012,November,No,Saturday,No,Clear,10.290848999999998,9.999841999999997,64.5417,3.8756686,2090,4446,6536
680,681,2012-11-11,Winter,2012,November,No,Sunday,No,Clear,11.779150999999999,11.833058000000001,65.91669999999999,8.5425,2290,4562,6852
681,682,2012-11-12,Winter,2012,November,Yes,Monday,No,Clear,14.794999999999998,15.375278000000002,74.16669999999999,11.625639,1097,5172,6269
682,683,2012-11-13,Winter,2012,November,No,Tuesday,Yes,Cloudy or Misty,8.136651,5.3328500000000005,66.29169999999999,22.917082,327,3767,4094
683,684,2012-11-14,Winter,2012,November,No,Wednesday,Yes,Clear,5.590849,2.583158000000001,55.2083,13.374875,373,5122,5495
684,685,2012-11-15,Winter,2012,November,No,Thursday,Yes,Cloudy or Misty,7.1183489999999985,5.416471999999999,62.0417,10.250129000000001,320,5125,5445
685,686,2012-11-16,Winter,2012,November,No,Friday,Yes,Clear,8.215,6.915464,52.4583,11.458675000000001,484,5214,5698
686,687,2012-11-17,Winter,2012,November,No,Saturday,No,Clear,7.275,5.541277999999998,54.541700000000006,12.041843,1313,4316,5629
687,688,2012-11-18,Winter,2012,November,No,Sunday,No,Clear,8.0975,6.291235999999998,69.2917,15.250004,922,3747,4669
688,689,2012-11-19,Winter,2012,November,No,Monday,Yes,Cloudy or Misty,9.899151,8.790986,62.3333,15.749489,449,5050,5499
689,690,2012-11-20,Winter,2012,November,No,Tuesday,Yes,Cloudy or Misty,9.585849,9.124022,68.5,5.542575,534,5100,5634
690,691,2012-11-21,Winter,2012,November,No,Wednesday,Yes,Clear,8.606651,8.082871999999998,61.375,6.917482000000001,615,4531,5146
691,692,2012-11-22,Winter,2012,November,Yes,Thursday,No,Clear,7.98,7.124485999999997,58.0417,3.5423436,955,1470,2425
692,693,2012-11-23,Winter,2012,November,No,Friday,Yes,Clear,9.311651000000001,8.999413999999998,56.875,9.917407,1603,2307,3910
693,694,2012-11-24,Winter,2012,November,No,Saturday,No,Clear,5.081650999999999,0.4169719999999977,40.4583,25.250357,532,1745,2277
694,695,2012-11-25,Winter,2012,November,No,Sunday,No,Clear,3.554150999999999,1.000478000000001,46.8333,10.083499999999999,309,2115,2424
695,696,2012-11-26,Winter,2012,November,No,Monday,Yes,Clear,6.726650999999999,6.374264,53.541700000000006,3.1255499999999996,337,4750,5087
696,697,2012-11-27,Winter,2012,November,No,Tuesday,Yes,Cloudy or Misty,5.708349,2.5828279999999992,78.6667,15.916654,123,3836,3959
697,698,2012-11-28,Winter,2012,November,No,Wednesday,Yes,Clear,5.943349000000001,3.1242920000000005,50.625,14.125007,198,5062,5260
698,699,2012-11-29,Winter,2012,November,No,Thursday,Yes,Clear,5.200890000000001,3.695852000000002,55.565200000000004,7.739974,243,5080,5323
699,700,2012-11-30,Winter,2012,November,No,Friday,Yes,Clear,6.021651,5.375222000000001,64.95830000000001,3.9175436,362,5306,5668
700,701,2012-12-01,Winter,2012,December,No,Saturday,No,Cloudy or Misty,6.021651,4.915664,80.6667,4.0001814,951,4240,5191
701,702,2012-12-02,Winter,2012,December,No,Sunday,No,Cloudy or Misty,8.3325,7.707728000000003,82.3333,8.333393000000001,892,3757,4649
702,703,2012-12-03,Winter,2012,December,No,Monday,Yes,Clear,13.267500000000002,14.082535999999998,76.75,5.5422936,555,5679,6234
703,704,2012-12-04,Winter,2012,December,No,Tuesday,Yes,Clear,14.364151,14.957564000000001,73.375,11.666643,551,6055,6606
704,705,2012-12-05,Winter,2012,December,No,Wednesday,Yes,Clear,12.601651,12.248792000000002,48.5,21.709407,331,5398,5729
705,706,2012-12-06,Winter,2012,December,No,Thursday,Yes,Clear,4.024151,1.0414639999999977,50.875,11.708518,340,5035,5375
706,707,2012-12-07,Winter,2012,December,No,Friday,Yes,Cloudy or Misty,7.0791509999999995,5.249228000000002,76.4167,8.7502,349,4659,5008
707,708,2012-12-08,Winter,2012,December,No,Saturday,No,Cloudy or Misty,9.938348999999999,9.707528,91.125,6.792393,1153,4429,5582
708,709,2012-12-09,Winter,2012,December,No,Sunday,No,Cloudy or Misty,10.055848999999998,9.749635999999999,90.5417,10.584325,441,2787,3228
709,710,2012-12-10,Winter,2012,December,No,Monday,Yes,Cloudy or Misty,12.484151,12.74795,92.5,12.750636,329,4841,5170
710,711,2012-12-11,Winter,2012,December,No,Tuesday,Yes,Cloudy or Misty,8.606651,6.331958,59.66669999999999,19.834478999999998,282,5219,5501
711,712,2012-12-12,Winter,2012,December,No,Wednesday,Yes,Cloudy or Misty,5.9825,3.624307999999999,53.833299999999994,10.916779,310,5009,5319
712,713,2012-12-13,Winter,2012,December,No,Thursday,Yes,Clear,5.904151000000001,3.4164080000000006,48.5833,11.666643,425,5107,5532
713,714,2012-12-14,Winter,2012,December,No,Friday,Yes,Clear,5.2383489999999995,3.416672000000002,64.29169999999999,8.792343,429,5182,5611
714,715,2012-12-15,Winter,2012,December,No,Saturday,No,Clear,7.235849,6.333278,65.0417,7.12545,767,4280,5047
715,716,2012-12-16,Winter,2012,December,No,Sunday,No,Cloudy or Misty,9.037499999999998,8.415907999999998,83.875,6.749714,538,3248,3786
716,717,2012-12-17,Winter,2012,December,No,Monday,Yes,Cloudy or Misty,10.486650999999998,10.499000000000002,90.7083,6.583306100000001,212,4373,4585
717,718,2012-12-18,Winter,2012,December,No,Tuesday,Yes,Clear,11.309151,11.040728000000001,66.625,14.834067999999998,433,5124,5557
718,719,2012-12-19,Winter,2012,December,No,Wednesday,Yes,Clear,7.627500000000001,6.5826920000000015,62.5417,12.334164000000001,333,4934,5267
719,720,2012-12-20,Winter,2012,December,No,Thursday,Yes,Cloudy or Misty,7.510000000000002,6.124321999999999,66.79169999999999,8.875021,314,3814,4128
720,721,2012-12-21,Spring,2012,December,No,Friday,Yes,Cloudy or Misty,7.353349,3.9166220000000003,55.666700000000006,25.083661000000003,221,3402,3623
721,722,2012-12-22,Spring,2012,December,No,Saturday,No,Clear,4.494150999999999,-0.4165420000000015,44.125,27.292182,205,1544,1749
722,723,2012-12-23,Spring,2012,December,No,Sunday,No,Clear,3.554150999999999,1.1250859999999996,51.5417,8.916561,408,1379,1787
723,724,2012-12-24,Spring,2012,December,No,Monday,Yes,Cloudy or Misty,2.871288,1.0874000000000024,79.1304,5.1744368000000005,174,746,920
724,725,2012-12-25,Spring,2012,December,Yes,Tuesday,No,Cloudy or Misty,5.691288,3.43469,73.47829999999999,11.304642,440,573,1013
725,726,2012-12-26,Spring,2012,December,No,Wednesday,Yes,Light Rain/Snow,3.4366509999999995,-1.4580219999999997,82.3333,21.208582,9,432,441
726,727,2012-12-27,Spring,2012,December,No,Thursday,Yes,Cloudy or Misty,3.945848999999999,-1.0416279999999993,65.29169999999999,23.458911,247,1867,2114
727,728,2012-12-28,Spring,2012,December,No,Friday,Yes,Cloudy or Misty,3.9066509999999983,0.8330359999999999,59.0,10.416557,644,2451,3095
728,729,2012-12-29,Spring,2012,December,No,Saturday,No,Cloudy or Misty,3.9066509999999983,-0.0015999999999998238,75.29169999999999,8.333661,159,1182,1341
729,730,2012-12-30,Spring,2012,December,No,Sunday,No,Clear,4.024151,-0.7078000000000007,48.3333,23.500518,364,1432,1796
730,731,2012-12-31,Spring,2012,December,No,Monday,Yes,Cloudy or Misty,2.144150999999999,-1.2498579999999997,57.75,10.374682,439,2290,2729
