instant,date,season,year,month,holiday,weekday,workingday,weathersit,temperature,feels_like_temperature,humidity,windspeed,casual,registered,count
1,2011-01-01,Springer,2011,January,No,Saturday,No,Cloudy or Misty,14.110847,18.18125,0.805833,10.749882,331,654,985
2,2011-01-02,Springer,2011,January,No,Sunday,No,Cloudy or Misty,14.902598000000001,17.686950000000003,0.696087,16.652113,131,670,801
3,2011-01-03,Springer,2011,January,No,Monday,Yes,Clear,8.050924,9.47025,0.437273,16.636703,120,1229,1349
4,2011-01-04,Springer,2011,January,No,Tuesday,Yes,Clear,8.200000000000001,10.6061,0.590435,10.739832,108,1454,1562
5,2011-01-05,Springer,2011,January,No,Wednesday,Yes,Clear,9.305237,11.4635,0.436957,12.522300000000001,82,1518,1600
6,2011-01-06,Springer,2011,January,No,Thursday,Yes,Clear,8.378268,11.66045,0.518261,6.0008684,88,1518,1606
7,2011-01-07,Springer,2011,January,No,Friday,Yes,Cloudy or Misty,8.057402,10.44195,0.498696,11.304642,148,1362,1510
8,2011-01-08,Springer,2011,January,No,Saturday,No,Cloudy or Misty,6.765000000000001,8.1127,0.535833,17.875868,68,891,959
9,2011-01-09,Springer,2011,January,No,Sunday,No,Clear,5.671653,5.80875,0.434167,24.25065,54,768,822
10,2011-01-10,Springer,2011,January,No,Monday,Yes,Clear,6.184153,7.5443999999999996,0.482917,14.958889,41,1280,1321
11,2011-01-11,Springer,2011,January,No,Tuesday,Yes,Cloudy or Misty,6.9327309999999995,9.5732,0.686364,8.182844000000001,43,1220,1263
12,2011-01-12,Springer,2011,January,No,Wednesday,Yes,Clear,7.0818069999999995,8.02365,0.599545,20.410009,25,1137,1162
13,2011-01-13,Springer,2011,January,No,Thursday,Yes,Clear,6.765000000000001,7.544149999999999,0.470417,20.166999999999998,38,1368,1406
14,2011-01-14,Springer,2011,January,No,Friday,Yes,Clear,6.59567,9.42065,0.537826,8.478716,54,1367,1421
15,2011-01-15,Springer,2011,January,No,Saturday,No,Cloudy or Misty,9.566653,12.4056,0.49875,10.583521,222,1026,1248
16,2011-01-16,Springer,2011,January,No,Sunday,No,Clear,9.498347,11.71085,0.48375,12.625010999999999,251,953,1204
17,2011-01-17,Springer,2011,January,Yes,Monday,No,Cloudy or Misty,7.209153,8.838550000000001,0.5375,12.999139,117,883,1000
18,2011-01-18,Springer,2011,January,No,Tuesday,Yes,Cloudy or Misty,8.883347,11.61665,0.861667,9.833924999999999,9,674,683
19,2011-01-19,Springer,2011,January,No,Wednesday,Yes,Cloudy or Misty,11.979134,14.921100000000001,0.741739,13.957239,78,1572,1650
20,2011-01-20,Springer,2011,January,No,Thursday,Yes,Cloudy or Misty,10.728347,12.7525,0.538333,13.125568,83,1844,1927
21,2011-01-21,Springer,2011,January,No,Friday,Yes,Clear,7.2775,7.89165,0.457083,23.667214,75,1468,1543
22,2011-01-22,Springer,2011,January,No,Saturday,No,Clear,2.4243464,3.9534800000000003,0.4,11.52199,93,888,981
23,2011-01-23,Springer,2011,January,No,Sunday,No,Clear,3.9573897000000002,4.941955,0.436522,16.5222,150,836,986
24,2011-01-24,Springer,2011,January,No,Monday,Yes,Clear,3.9930433,5.8965,0.491739,10.60811,86,1330,1416
25,2011-01-25,Springer,2011,January,No,Tuesday,Yes,Cloudy or Misty,9.162598000000001,11.7263,0.616957,8.696332,186,1799,1985
26,2011-01-26,Springer,2011,January,No,Wednesday,Yes,Light Rain/Snow,8.9175,10.18,0.8625,19.68795,34,472,506
27,2011-01-27,Springer,2011,January,No,Thursday,Yes,Clear,7.995,10.985,0.6875,7.627078999999999,15,416,431
28,2011-01-28,Springer,2011,January,No,Friday,Yes,Cloudy or Misty,8.342597999999999,11.165849999999999,0.793043,8.2611,38,1129,1167
29,2011-01-29,Springer,2011,January,No,Saturday,No,Clear,8.057402,10.606300000000001,0.651739,9.739455,123,975,1098
30,2011-01-30,Springer,2011,January,No,Sunday,No,Clear,8.877402,12.5161,0.722174,4.956834199999999,140,956,1096
31,2011-01-31,Springer,2011,January,No,Monday,Yes,Cloudy or Misty,7.414153,9.3125,0.60375,12.541864,42,1459,1501
32,2011-02-01,Springer,2011,February,No,Tuesday,Yes,Cloudy or Misty,7.8791340000000005,11.7265,0.829565,3.565271,47,1313,1360
33,2011-02-02,Springer,2011,February,No,Wednesday,Yes,Cloudy or Misty,10.66,12.72085,0.775417,17.708636,72,1454,1526
34,2011-02-03,Springer,2011,February,No,Thursday,Yes,Clear,7.665237,8.8939,0.437826,18.609384,61,1489,1550
35,2011-02-04,Springer,2011,February,No,Friday,Yes,Cloudy or Misty,8.663464,11.429350000000001,0.585217,8.565213,88,1620,1708
36,2011-02-05,Springer,2011,February,No,Saturday,No,Cloudy or Misty,9.566653,12.152899999999999,0.929167,10.792293,100,905,1005
37,2011-02-06,Springer,2011,February,No,Sunday,No,Clear,11.719153,14.58355,0.568333,9.5006,354,1269,1623
38,2011-02-07,Springer,2011,February,No,Monday,Yes,Clear,11.138347,15.1829,0.738333,3.0423561,120,1592,1712
39,2011-02-08,Springer,2011,February,No,Tuesday,Yes,Clear,9.054153,9.9123,0.537917,24.25065,64,1466,1530
40,2011-02-09,Springer,2011,February,No,Wednesday,Yes,Cloudy or Misty,5.526102999999999,7.21415,0.494783,12.652213,53,1552,1605
41,2011-02-10,Springer,2011,February,No,Thursday,Yes,Clear,5.918268,7.477399999999999,0.437391,14.869645,47,1491,1538
42,2011-02-11,Springer,2011,February,No,Friday,Yes,Clear,7.752731000000001,10.67545,0.506364,7.272849999999999,149,1597,1746
43,2011-02-12,Springer,2011,February,No,Saturday,No,Clear,9.1225,11.6477,0.544167,13.625589,288,1184,1472
44,2011-02-13,Springer,2011,February,No,Sunday,No,Clear,12.977402000000001,16.20565,0.457391,17.479160999999998,397,1192,1589
45,2011-02-14,Springer,2011,February,No,Monday,Yes,Clear,17.015,19.9175,0.375833,27.999836,208,1705,1913
46,2011-02-15,Springer,2011,February,No,Tuesday,Yes,Clear,10.909567000000001,12.7137,0.314348,19.522058,140,1675,1815
47,2011-02-16,Springer,2011,February,No,Wednesday,Yes,Clear,13.048701000000001,15.809999999999999,0.423478,16.869996999999998,218,1897,2115
48,2011-02-17,Springer,2011,February,No,Thursday,Yes,Clear,17.869153,21.4329,0.505,15.416968,259,2216,2475
49,2011-02-18,Springer,2011,February,No,Friday,Yes,Clear,21.388347,25.599149999999998,0.516667,17.749975000000003,579,2348,2927
50,2011-02-19,Springer,2011,February,No,Saturday,No,Clear,16.365847,19.5702,0.187917,34.000021,532,1103,1635
51,2011-02-20,Springer,2011,February,No,Sunday,No,Clear,11.693897,13.8665,0.407826,14.956745,639,1173,1812
52,2011-02-21,Springer,2011,February,Yes,Monday,No,Cloudy or Misty,12.436653000000002,14.203750000000001,0.605,20.625682,195,912,1107
53,2011-02-22,Springer,2011,February,No,Tuesday,Yes,Clear,7.471102,9.30165,0.577778,13.110761,74,1376,1450
54,2011-02-23,Springer,2011,February,No,Wednesday,Yes,Clear,9.091299,12.28585,0.423043,6.3055710000000005,139,1778,1917
55,2011-02-24,Springer,2011,February,No,Thursday,Yes,Cloudy or Misty,12.121732000000002,14.459549999999998,0.697391,16.783231999999998,100,1707,1807
56,2011-02-25,Springer,2011,February,No,Friday,Yes,Cloudy or Misty,14.938268,17.52305,0.712174,23.218113,120,1341,1461
57,2011-02-26,Springer,2011,February,No,Saturday,No,Clear,11.5825,14.1096,0.537917,12.500257,424,1545,1969
58,2011-02-27,Springer,2011,February,No,Sunday,No,Clear,14.082598,17.55545,0.68,8.391615999999999,694,1708,2402
59,2011-02-28,Springer,2011,February,No,Monday,Yes,Cloudy or Misty,16.698193,20.005899999999997,0.876364,19.408962,81,1365,1446
60,2011-03-01,Springer,2011,March,No,Tuesday,Yes,Clear,10.933347,13.19395,0.535,14.500475,137,1714,1851
61,2011-03-02,Springer,2011,March,No,Wednesday,Yes,Clear,13.735000000000001,16.00355,0.449583,20.624811,231,1903,2134
62,2011-03-03,Springer,2011,March,No,Thursday,Yes,Clear,8.131653,10.00665,0.318333,15.125518000000001,123,1562,1685
63,2011-03-04,Springer,2011,March,No,Friday,Yes,Cloudy or Misty,10.728347,12.783949999999999,0.610417,13.624182,214,1730,1944
64,2011-03-05,Springer,2011,March,No,Saturday,No,Cloudy or Misty,15.750846999999998,18.93895,0.789167,16.875357,640,1437,2077
65,2011-03-06,Springer,2011,March,No,Sunday,No,Cloudy or Misty,15.437402,18.3126,0.948261,23.000229,114,491,605
66,2011-03-07,Springer,2011,March,No,Monday,Yes,Clear,10.731299,11.92305,0.551304,22.870584,244,1628,1872
67,2011-03-08,Springer,2011,March,No,Tuesday,Yes,Clear,11.9925,15.120000000000001,0.420833,8.083549999999999,316,1817,2133
68,2011-03-09,Springer,2011,March,No,Wednesday,Yes,Cloudy or Misty,12.129153,14.3304,0.775417,14.750050000000002,191,1700,1891
69,2011-03-10,Springer,2011,March,No,Thursday,Yes,Light Rain/Snow,15.952731,19.2834,0.0,17.545759,46,577,623
70,2011-03-11,Springer,2011,March,No,Friday,Yes,Cloudy or Misty,12.977402000000001,15.25,0.649565,15.60899,247,1730,1977
71,2011-03-12,Springer,2011,March,No,Saturday,No,Clear,13.495847,16.287499999999998,0.594583,14.791924999999999,724,1408,2132
72,2011-03-13,Springer,2011,March,No,Sunday,No,Clear,15.758268000000001,19.004550000000002,0.527391,18.130468,982,1435,2417
73,2011-03-14,Springer,2011,March,No,Monday,Yes,Clear,13.333896999999999,16.6,0.496957,9.174042,359,1687,2046
74,2011-03-15,Springer,2011,March,No,Tuesday,Yes,Cloudy or Misty,13.013031,15.908900000000001,0.655652,12.348703,289,1767,2056
75,2011-03-16,Springer,2011,March,No,Wednesday,Yes,Cloudy or Misty,14.973897000000001,18.3465,0.776522,13.608839,321,1871,2192
76,2011-03-17,Springer,2011,March,No,Thursday,Yes,Clear,17.015,20.51665,0.602917,14.041792999999998,424,2320,2744
77,2011-03-18,Springer,2011,March,No,Friday,Yes,Clear,22.14,26.35045,0.525217,15.478139,884,2355,3239
78,2011-03-19,Springer,2011,March,No,Saturday,No,Clear,19.3725,23.32625,0.379167,24.667189,1424,1693,3117
79,2011-03-20,Springer,2011,March,No,Sunday,No,Clear,13.6325,16.287499999999998,0.47375,13.917307,1047,1424,2471
80,2011-03-21,Summer,2011,March,No,Monday,Yes,Cloudy or Misty,17.647835,20.48675,0.737391,19.348461,401,1676,2077
81,2011-03-22,Summer,2011,March,No,Tuesday,Yes,Clear,18.108347,22.0321,0.624583,15.125250000000001,460,2243,2703
82,2011-03-23,Summer,2011,March,No,Wednesday,Yes,Cloudy or Misty,14.225237,16.89695,0.839565,15.695487,203,1918,2121
83,2011-03-24,Summer,2011,March,No,Thursday,Yes,Cloudy or Misty,11.684999999999999,13.541649999999999,0.805833,16.333729,166,1699,1865
84,2011-03-25,Summer,2011,March,No,Friday,Yes,Clear,10.830846999999999,12.8156,0.495,15.458575000000002,300,1910,2210
85,2011-03-26,Summer,2011,March,No,Saturday,No,Clear,10.899153,12.87855,0.394167,14.041257,981,1515,2496
86,2011-03-27,Summer,2011,March,No,Sunday,No,Cloudy or Misty,10.374763000000002,12.51695,0.493913,12.348099999999999,472,1221,1693
87,2011-03-28,Summer,2011,March,No,Monday,Yes,Clear,10.838268000000001,12.878700000000002,0.302174,14.217668,222,1806,2028
88,2011-03-29,Summer,2011,March,No,Tuesday,Yes,Clear,12.4025,14.6454,0.314167,15.208732,317,2108,2425
89,2011-03-30,Summer,2011,March,No,Wednesday,Yes,Cloudy or Misty,12.299999999999999,14.8675,0.646667,11.583495999999998,168,1368,1536
90,2011-03-31,Summer,2011,March,No,Thursday,Yes,Light Rain/Snow,11.001653,12.87875,0.918333,14.582282000000001,179,1506,1685
91,2011-04-01,Summer,2011,April,No,Friday,Yes,Cloudy or Misty,12.299999999999999,14.172699999999999,0.68625,17.333436,307,1920,2227
92,2011-04-02,Summer,2011,April,No,Saturday,No,Cloudy or Misty,12.915000000000001,15.78185,0.65375,13.208782,898,1354,2252
93,2011-04-03,Summer,2011,April,No,Sunday,No,Clear,15.511652999999999,18.93835,0.48,12.208271000000002,1651,1598,3249
94,2011-04-04,Summer,2011,April,No,Monday,Yes,Clear,23.506653,27.14645,0.42625,25.833257,734,2381,3115
95,2011-04-05,Summer,2011,April,No,Tuesday,Yes,Cloudy or Misty,16.980847,19.9175,0.642083,26.000488999999998,167,1628,1795
96,2011-04-06,Summer,2011,April,No,Wednesday,Yes,Clear,16.024153,19.3804,0.470833,17.625221,413,2395,2808
97,2011-04-07,Summer,2011,April,No,Thursday,Yes,Clear,17.9375,21.684800000000003,0.602917,10.874904,571,2570,3141
98,2011-04-08,Summer,2011,April,No,Friday,Yes,Cloudy or Misty,13.769153,16.223950000000002,0.83625,15.208464,172,1299,1471
99,2011-04-09,Summer,2011,April,No,Saturday,No,Cloudy or Misty,14.0425,17.07645,0.8775,8.916561,879,1576,2455
100,2011-04-10,Summer,2011,April,No,Sunday,No,Cloudy or Misty,17.493347,21.33685,0.8575,9.833389,1188,1707,2895
101,2011-04-11,Summer,2011,April,No,Monday,Yes,Cloudy or Misty,24.421732,28.260849999999998,0.716956,21.739758,855,2493,3348
102,2011-04-12,Summer,2011,April,No,Tuesday,Yes,Cloudy or Misty,20.6025,24.6527,0.739167,18.416892999999998,257,1777,2034
103,2011-04-13,Summer,2011,April,No,Wednesday,Yes,Cloudy or Misty,16.912499999999998,20.864150000000002,0.819167,16.791338999999997,209,1953,2162
104,2011-04-14,Summer,2011,April,No,Thursday,Yes,Clear,19.1675,23.1371,0.540417,7.4169,529,2738,3267
105,2011-04-15,Summer,2011,April,Yes,Friday,No,Clear,18.313347,22.09565,0.67125,15.167124999999999,642,2484,3126
106,2011-04-16,Summer,2011,April,No,Saturday,No,Light Rain/Snow,17.664153000000002,21.2746,0.888333,22.834136,121,674,795
107,2011-04-17,Summer,2011,April,No,Sunday,No,Clear,18.723347,22.2848,0.479583,20.334232,1558,2186,3744
108,2011-04-18,Summer,2011,April,No,Monday,Yes,Clear,21.0125,25.1573,0.5425,10.958988999999999,669,2760,3429
109,2011-04-19,Summer,2011,April,No,Tuesday,Yes,Cloudy or Misty,20.739152999999998,24.4629,0.665833,10.584057,409,2795,3204
110,2011-04-20,Summer,2011,April,No,Wednesday,Yes,Clear,24.395,28.2196,0.614167,16.208975,613,3331,3944
111,2011-04-21,Summer,2011,April,No,Thursday,Yes,Clear,18.825847,22.6946,0.407083,21.792286,745,3444,4189
112,2011-04-22,Summer,2011,April,No,Friday,Yes,Cloudy or Misty,13.803347,16.0977,0.729583,14.707906999999999,177,1506,1683
113,2011-04-23,Summer,2011,April,No,Saturday,No,Cloudy or Misty,18.86,22.50605,0.887917,15.458575000000002,1462,2574,4036
114,2011-04-24,Summer,2011,April,No,Sunday,No,Cloudy or Misty,23.848347,27.58815,0.810833,12.875725000000001,1710,2481,4191
115,2011-04-25,Summer,2011,April,No,Monday,Yes,Clear,24.873347,28.725,0.776667,12.417311,773,3300,4073
116,2011-04-26,Summer,2011,April,No,Tuesday,Yes,Clear,25.898346999999998,29.704150000000002,0.729167,21.875500000000002,678,3722,4400
117,2011-04-27,Summer,2011,April,No,Wednesday,Yes,Cloudy or Misty,25.419999999999998,28.7571,0.835417,20.917399999999997,547,3325,3872
118,2011-04-28,Summer,2011,April,No,Thursday,Yes,Cloudy or Misty,25.317500000000003,28.946450000000002,0.700833,21.500836000000003,569,3489,4058
119,2011-04-29,Summer,2011,April,No,Friday,Yes,Clear,20.91,24.87315,0.457083,16.084221,878,3717,4595
120,2011-04-30,Summer,2011,April,No,Saturday,No,Clear,19.3725,23.201050000000002,0.503333,15.750025,1965,3347,5312
121,2011-05-01,Summer,2011,May,No,Sunday,No,Cloudy or Misty,18.518347,22.4102,0.762083,7.125718,1138,2213,3351
122,2011-05-02,Summer,2011,May,No,Monday,Yes,Cloudy or Misty,22.515846999999997,26.64165,0.73,12.291418,847,3554,4401
123,2011-05-03,Summer,2011,May,No,Tuesday,Yes,Cloudy or Misty,25.283347,29.10395,0.697083,22.958689,603,3848,4451
124,2011-05-04,Summer,2011,May,No,Wednesday,Yes,Cloudy or Misty,16.980847,20.2325,0.737083,22.042732,255,2378,2633
125,2011-05-05,Summer,2011,May,No,Thursday,Yes,Clear,18.825847,22.09585,0.444167,19.791263999999998,614,3819,4433
126,2011-05-06,Summer,2011,May,No,Friday,Yes,Clear,19.645847,23.70585,0.59,15.292482,894,3714,4608
127,2011-05-07,Summer,2011,May,No,Saturday,No,Clear,21.32,25.63105,0.54125,10.750150000000001,1612,3102,4714
128,2011-05-08,Summer,2011,May,No,Sunday,No,Clear,21.661653,25.946649999999998,0.631667,5.0007125,1401,2932,4333
129,2011-05-09,Summer,2011,May,No,Monday,Yes,Clear,21.8325,26.2623,0.58875,11.792,664,3698,4362
130,2011-05-10,Summer,2011,May,No,Tuesday,Yes,Clear,21.8325,26.13605,0.489167,7.749956999999999,694,4109,4803
131,2011-05-11,Summer,2011,May,No,Wednesday,Yes,Clear,22.2425,26.419999999999998,0.632917,8.083014,550,3632,4182
132,2011-05-12,Summer,2011,May,No,Thursday,Yes,Clear,21.935000000000002,26.16815,0.7475,12.707689,695,4169,4864
133,2011-05-13,Summer,2011,May,No,Friday,Yes,Cloudy or Misty,21.0125,24.715,0.863333,12.041575,692,3413,4105
134,2011-05-14,Summer,2011,May,No,Saturday,No,Cloudy or Misty,21.354153,25.03145,0.9225,9.041649999999999,902,2507,3409
135,2011-05-15,Summer,2011,May,No,Sunday,No,Cloudy or Misty,23.0625,26.8,0.867083,10.249593,1582,2971,4553
136,2011-05-16,Summer,2011,May,No,Monday,Yes,Clear,23.677500000000002,27.5256,0.787917,8.500357000000001,773,3185,3958
137,2011-05-17,Summer,2011,May,No,Tuesday,Yes,Cloudy or Misty,23.028347,26.926450000000003,0.837917,18.582718,678,3445,4123
138,2011-05-18,Summer,2011,May,No,Wednesday,Yes,Cloudy or Misty,22.55,26.3579,0.87,13.499964,536,3319,3855
139,2011-05-19,Summer,2011,May,No,Thursday,Yes,Cloudy or Misty,21.764153,25.537100000000002,0.829583,7.250271000000001,735,3840,4575
140,2011-05-20,Summer,2011,May,No,Friday,Yes,Clear,22.003347,26.4521,0.719583,8.375871,909,4008,4917
141,2011-05-21,Summer,2011,May,No,Saturday,No,Clear,24.7025,28.59875,0.626667,8.083549999999999,2258,3547,5805
142,2011-05-22,Summer,2011,May,No,Sunday,No,Clear,24.770847,28.725,0.749583,9.916536,1576,3084,4660
143,2011-05-23,Summer,2011,May,No,Monday,Yes,Cloudy or Misty,25.898346999999998,29.5148,0.81,15.667413999999999,836,3438,4274
144,2011-05-24,Summer,2011,May,No,Tuesday,Yes,Cloudy or Misty,27.060000000000002,30.240650000000002,0.740833,13.875164,659,3833,4492
145,2011-05-25,Summer,2011,May,No,Wednesday,Yes,Clear,27.094153,30.7771,0.69625,10.333611000000001,740,4238,4978
146,2011-05-26,Summer,2011,May,No,Thursday,Yes,Clear,29.041653,32.7344,0.6775,13.376014,758,3919,4677
147,2011-05-27,Summer,2011,May,No,Friday,Yes,Clear,27.948347000000002,31.8504,0.65375,16.125493,871,3808,4679
148,2011-05-28,Summer,2011,May,No,Saturday,No,Clear,26.889153,30.61895,0.729583,15.416164,2001,2757,4758
149,2011-05-29,Summer,2011,May,No,Sunday,No,Clear,27.3675,30.777500000000003,0.81875,14.333846,2355,2433,4788
150,2011-05-30,Summer,2011,May,Yes,Monday,No,Clear,30.066653000000002,33.5546,0.685,8.792075,1549,2549,4098
151,2011-05-31,Summer,2011,May,No,Tuesday,Yes,Clear,31.775000000000002,36.26915,0.636667,7.459042999999999,673,3309,3982
152,2011-06-01,Summer,2011,June,No,Wednesday,Yes,Cloudy or Misty,31.330847000000002,36.04835,0.677083,13.875164,513,3461,3974
153,2011-06-02,Summer,2011,June,No,Thursday,Yes,Clear,29.314999999999998,32.1971,0.305,19.583229000000003,736,4232,4968
154,2011-06-03,Summer,2011,June,No,Friday,Yes,Clear,25.419999999999998,29.356650000000002,0.354167,16.959107,898,4414,5312
155,2011-06-04,Summer,2011,June,No,Saturday,No,Clear,26.035,29.7348,0.45625,8.250514,1869,3473,5342
156,2011-06-05,Summer,2011,June,No,Sunday,No,Cloudy or Misty,26.581653000000003,30.8402,0.6525,9.292364000000001,1685,3221,4906
157,2011-06-06,Summer,2011,June,No,Monday,Yes,Clear,27.811653,31.0929,0.6,8.167032,673,3875,4548
158,2011-06-07,Summer,2011,June,No,Tuesday,Yes,Clear,29.0075,32.7975,0.597917,12.583136,763,4070,4833
159,2011-06-08,Summer,2011,June,No,Wednesday,Yes,Clear,31.809153,36.36395,0.622083,9.166739,676,3725,4401
160,2011-06-09,Summer,2011,June,No,Thursday,Yes,Cloudy or Misty,33.141653,37.87895,0.568333,10.042161,563,3352,3915
161,2011-06-10,Summer,2011,June,No,Friday,Yes,Clear,30.955000000000002,35.1646,0.605,9.417118,815,3771,4586
162,2011-06-11,Summer,2011,June,No,Saturday,No,Clear,29.724999999999998,33.901900000000005,0.654583,10.374949999999998,1729,3237,4966
163,2011-06-12,Summer,2011,June,No,Sunday,No,Clear,28.392500000000002,32.166250000000005,0.747917,10.958988999999999,1467,2993,4460
164,2011-06-13,Summer,2011,June,No,Monday,Yes,Clear,26.035,30.082700000000003,0.494583,20.45845,863,4157,5020
165,2011-06-14,Summer,2011,June,No,Tuesday,Yes,Clear,24.770847,29.5773,0.507083,18.041961,727,4164,4891
166,2011-06-15,Summer,2011,June,No,Wednesday,Yes,Clear,25.693347,29.3877,0.471667,11.250104,769,4411,5180
167,2011-06-16,Summer,2011,June,No,Thursday,Yes,Cloudy or Misty,25.761653000000003,29.767300000000002,0.688333,13.833556999999999,545,3222,3767
168,2011-06-17,Summer,2011,June,No,Friday,Yes,Clear,26.615847000000002,30.01915,0.735833,9.582942999999998,863,3981,4844
169,2011-06-18,Summer,2011,June,No,Saturday,No,Clear,28.563347,32.197700000000005,0.670417,8.000336,1807,3312,5119
170,2011-06-19,Summer,2011,June,No,Sunday,No,Cloudy or Misty,28.665847,32.292300000000004,0.666667,6.834,1639,3105,4744
171,2011-06-20,Summer,2011,June,No,Monday,Yes,Cloudy or Misty,26.035,29.767300000000002,0.74625,10.416825,699,3311,4010
172,2011-06-21,Fall,2011,June,No,Tuesday,Yes,Cloudy or Misty,27.914153000000002,31.8823,0.770417,11.458675000000001,774,4061,4835
173,2011-06-22,Fall,2011,June,No,Wednesday,Yes,Clear,30.066653000000002,34.69145,0.7075,11.541554,661,3846,4507
174,2011-06-23,Fall,2011,June,No,Thursday,Yes,Cloudy or Misty,29.861653,34.69165,0.703333,15.999868,746,4044,4790
175,2011-06-24,Fall,2011,June,No,Friday,Yes,Clear,29.690847,32.82915,0.573333,14.875675,969,4022,4991
176,2011-06-25,Fall,2011,June,No,Saturday,No,Clear,28.494999999999997,32.16565,0.483333,14.041257,1782,3420,5202
177,2011-06-26,Fall,2011,June,No,Sunday,No,Clear,27.880000000000003,31.88145,0.513333,6.3337311,1920,3385,5305
178,2011-06-27,Fall,2011,June,No,Monday,Yes,Cloudy or Misty,27.982499999999998,31.8502,0.658333,7.2083960000000005,854,3854,4708
179,2011-06-28,Fall,2011,June,No,Tuesday,Yes,Clear,30.510847000000002,34.6279,0.634167,9.666960999999999,732,3916,4648
180,2011-06-29,Fall,2011,June,No,Wednesday,Yes,Clear,29.861653,32.7344,0.497917,17.542007,848,4377,5225
181,2011-06-30,Fall,2011,June,No,Thursday,Yes,Clear,28.563347,31.8504,0.434167,12.415904000000001,1027,4488,5515
182,2011-07-01,Fall,2011,July,No,Friday,Yes,Clear,29.622500000000002,32.6081,0.39625,6.874736,1246,4116,5362
183,2011-07-02,Fall,2011,July,No,Saturday,No,Clear,30.271653,33.3654,0.444583,7.709154,2204,2915,5119
184,2011-07-03,Fall,2011,July,No,Sunday,No,Cloudy or Misty,29.383347,33.42875,0.6825,15.333486,2282,2367,4649
185,2011-07-04,Fall,2011,July,Yes,Monday,No,Cloudy or Misty,29.793346999999997,33.27085,0.637917,5.4591064000000005,3065,2978,6043
186,2011-07-05,Fall,2011,July,No,Tuesday,Yes,Clear,30.613346999999997,34.816900000000004,0.590417,8.459286,1031,3634,4665
187,2011-07-06,Fall,2011,July,No,Wednesday,Yes,Clear,29.52,34.28165,0.743333,10.042161,784,3845,4629
188,2011-07-07,Fall,2011,July,No,Thursday,Yes,Clear,30.75,34.34355,0.65125,10.666400000000001,754,3838,4592
189,2011-07-08,Fall,2011,July,No,Friday,Yes,Cloudy or Misty,29.075847,33.524150000000006,0.757917,15.083643,692,3348,4040
190,2011-07-09,Fall,2011,July,No,Saturday,No,Clear,30.066653000000002,33.2079,0.609167,11.250104,1988,3348,5336
191,2011-07-10,Fall,2011,July,No,Sunday,No,Clear,30.6475,34.50125,0.578333,12.292557,1743,3138,4881
192,2011-07-11,Fall,2011,July,No,Monday,Yes,Clear,31.2625,36.4902,0.635833,18.916579,723,3363,4086
193,2011-07-12,Fall,2011,July,No,Tuesday,Yes,Clear,32.560846999999995,36.96375,0.559167,13.417017999999999,662,3596,4258
194,2011-07-13,Fall,2011,July,No,Wednesday,Yes,Clear,30.613346999999997,34.4702,0.631667,9.790911000000001,748,3594,4342
195,2011-07-14,Fall,2011,July,No,Thursday,Yes,Clear,27.914153000000002,31.7552,0.47625,16.124689,888,4196,5084
196,2011-07-15,Fall,2011,July,No,Friday,Yes,Clear,27.196652999999998,31.21855,0.59125,12.249811,1318,4220,5538
197,2011-07-16,Fall,2011,July,No,Saturday,No,Clear,28.153347,31.91315,0.585,13.958914,2418,3505,5923
198,2011-07-17,Fall,2011,July,No,Sunday,No,Clear,29.485847,33.49165,0.604167,16.417211,2006,3296,5302
199,2011-07-18,Fall,2011,July,No,Monday,Yes,Clear,30.613346999999997,35.19625,0.65125,14.458867999999999,841,3617,4458
200,2011-07-19,Fall,2011,July,No,Tuesday,Yes,Clear,31.843347,37.37395,0.650417,8.7502,752,3789,4541
201,2011-07-20,Fall,2011,July,No,Wednesday,Yes,Clear,31.501653,37.3425,0.707083,7.625739,644,3688,4332
202,2011-07-21,Fall,2011,July,No,Thursday,Yes,Cloudy or Misty,33.415,41.31855,0.69125,14.875407,632,3152,3784
203,2011-07-22,Fall,2011,July,No,Friday,Yes,Clear,34.781653,42.0448,0.580417,8.9177,562,2825,3387
204,2011-07-23,Fall,2011,July,No,Saturday,No,Clear,34.815847,40.214349999999996,0.5,8.791807,987,2298,3285
205,2011-07-24,Fall,2011,July,No,Sunday,No,Clear,34.03,39.74145,0.550833,11.334456999999999,1050,2556,3606
206,2011-07-25,Fall,2011,July,No,Monday,Yes,Clear,30.476653000000002,36.0479,0.757083,6.0841560999999995,568,3272,3840
207,2011-07-26,Fall,2011,July,No,Tuesday,Yes,Clear,31.638347,34.84895,0.540833,13.417285999999999,750,3840,4590
208,2011-07-27,Fall,2011,July,No,Wednesday,Yes,Clear,31.775000000000002,34.53335,0.402917,12.292020999999998,755,3901,4656
209,2011-07-28,Fall,2011,July,No,Thursday,Yes,Clear,31.945847,36.995,0.583333,11.958093,606,3784,4390
210,2011-07-29,Fall,2011,July,No,Friday,Yes,Clear,34.371653,39.29835,0.5425,11.667245999999999,670,3176,3846
211,2011-07-30,Fall,2011,July,No,Saturday,No,Clear,32.970847,36.42685,0.465833,11.291979,1559,2916,4475
212,2011-07-31,Fall,2011,July,No,Sunday,No,Clear,33.039153,36.4898,0.480833,11.042470999999999,1524,2778,4302
213,2011-08-01,Fall,2011,August,No,Monday,Yes,Clear,31.638347,35.1646,0.550833,10.500039,729,3537,4266
214,2011-08-02,Fall,2011,August,No,Tuesday,Yes,Clear,32.116653,35.35355,0.49125,13.79195,801,4044,4845
215,2011-08-03,Fall,2011,August,No,Wednesday,Yes,Cloudy or Misty,29.998347,33.99685,0.6575,9.084061,467,3107,3574
216,2011-08-04,Fall,2011,August,No,Thursday,Yes,Cloudy or Misty,29.11,33.2394,0.7575,13.20905,799,3777,4576
217,2011-08-05,Fall,2011,August,No,Friday,Yes,Clear,29.144153000000003,32.82835,0.630833,12.374632,1023,3843,4866
218,2011-08-06,Fall,2011,August,No,Saturday,No,Cloudy or Misty,29.383347,33.807700000000004,0.755,15.29275,1521,2773,4294
219,2011-08-07,Fall,2011,August,No,Sunday,No,Clear,30.442500000000003,35.7646,0.752917,13.499629,1298,2487,3785
220,2011-08-08,Fall,2011,August,No,Monday,Yes,Clear,31.365000000000002,35.16415,0.592083,12.875725000000001,846,3480,4326
221,2011-08-09,Fall,2011,August,No,Tuesday,Yes,Clear,31.775000000000002,36.20605,0.570417,10.125107,907,3695,4602
222,2011-08-10,Fall,2011,August,No,Wednesday,Yes,Clear,31.433346999999998,34.24915,0.424167,13.417285999999999,884,3896,4780
223,2011-08-11,Fall,2011,August,No,Thursday,Yes,Clear,29.4175,32.57605,0.42375,11.041332,812,3980,4792
224,2011-08-12,Fall,2011,August,No,Friday,Yes,Clear,29.041653,32.7021,0.415,8.416607,1051,3854,4905
225,2011-08-13,Fall,2011,August,No,Saturday,No,Cloudy or Misty,28.119153,32.2929,0.729583,14.167418,1504,2646,4150
226,2011-08-14,Fall,2011,August,No,Sunday,No,Cloudy or Misty,27.743347,31.219400000000004,0.8175,14.916411,1338,2482,3820
227,2011-08-15,Fall,2011,August,No,Monday,Yes,Clear,27.299153,30.80835,0.712083,13.999918,775,3563,4338
228,2011-08-16,Fall,2011,August,No,Tuesday,Yes,Clear,28.734153000000003,32.29185,0.578333,15.834043000000001,721,4004,4725
229,2011-08-17,Fall,2011,August,No,Wednesday,Yes,Clear,29.656653,33.33355,0.575417,9.625689,668,4026,4694
230,2011-08-18,Fall,2011,August,No,Thursday,Yes,Clear,29.178347000000002,33.1129,0.654583,15.624936,639,3166,3805
231,2011-08-19,Fall,2011,August,No,Friday,Yes,Cloudy or Misty,28.085,31.661050000000003,0.722917,9.333635999999998,797,3356,4153
232,2011-08-20,Fall,2011,August,No,Saturday,No,Clear,28.5975,32.4498,0.674167,6.999289,1914,3277,5191
233,2011-08-21,Fall,2011,August,No,Sunday,No,Clear,29.144153000000003,33.776250000000005,0.77,16.666518,1249,2624,3873
234,2011-08-22,Fall,2011,August,No,Monday,Yes,Clear,28.358347000000002,31.9127,0.47,18.54225,833,3925,4758
235,2011-08-23,Fall,2011,August,No,Tuesday,Yes,Clear,26.274153,30.303350000000002,0.455417,9.833121,1281,4614,5895
236,2011-08-24,Fall,2011,August,No,Wednesday,Yes,Clear,27.606652999999998,31.5346,0.605,16.958236,949,4181,5130
237,2011-08-25,Fall,2011,August,No,Thursday,Yes,Cloudy or Misty,28.050846999999997,32.2927,0.771667,14.125810999999999,435,3107,3542
238,2011-08-26,Fall,2011,August,No,Friday,Yes,Clear,28.7,32.98665,0.76125,5.625487499999999,768,3893,4661
239,2011-08-27,Fall,2011,August,No,Saturday,No,Cloudy or Misty,27.880000000000003,31.7778,0.85,25.166338999999997,226,889,1115
240,2011-08-28,Fall,2011,August,No,Sunday,No,Clear,28.989418999999998,32.397949999999994,0.561765,20.412153,1415,2919,4334
241,2011-08-29,Fall,2011,August,No,Monday,Yes,Clear,26.103347,30.3979,0.554583,10.708275,729,3905,4634
242,2011-08-30,Fall,2011,August,No,Tuesday,Yes,Clear,26.205847000000002,29.7352,0.548333,8.375536,775,4429,5204
243,2011-08-31,Fall,2011,August,No,Wednesday,Yes,Clear,26.923347,30.556050000000003,0.597917,5.5833311,688,4370,5058
244,2011-09-01,Fall,2011,September,No,Thursday,Yes,Clear,26.855,30.746050000000004,0.639167,9.500332,783,4332,5115
245,2011-09-02,Fall,2011,September,No,Friday,Yes,Cloudy or Misty,26.376653,30.2404,0.727083,9.375243,875,3852,4727
246,2011-09-03,Fall,2011,September,No,Saturday,No,Clear,27.435847,31.66065,0.716667,12.416775,1935,2549,4484
247,2011-09-04,Fall,2011,September,No,Sunday,No,Clear,29.075847,33.27145,0.742083,13.833289,2521,2419,4940
248,2011-09-05,Fall,2011,September,Yes,Monday,No,Cloudy or Misty,27.606652999999998,31.282300000000003,0.790417,14.250632,1236,2115,3351
249,2011-09-06,Fall,2011,September,No,Tuesday,Yes,Light Rain/Snow,22.14,25.759999999999998,0.886957,23.044181,204,2506,2710
250,2011-09-07,Fall,2011,September,No,Wednesday,Yes,Light Rain/Snow,24.565847,27.21145,0.917083,6.500393600000001,118,1878,1996
251,2011-09-08,Fall,2011,September,No,Thursday,Yes,Light Rain/Snow,25.990433,27.76805,0.939565,12.914116,153,1689,1842
252,2011-09-09,Fall,2011,September,No,Friday,Yes,Cloudy or Misty,26.650000000000002,28.9473,0.897917,8.333393000000001,417,3127,3544
253,2011-09-10,Fall,2011,September,No,Saturday,No,Clear,27.060000000000002,30.3981,0.75375,10.291736,1750,3595,5345
254,2011-09-11,Fall,2011,September,No,Sunday,No,Clear,26.786653,30.46145,0.71375,7.708618,1633,3413,5046
255,2011-09-12,Fall,2011,September,No,Monday,Yes,Clear,26.418268,30.106500000000004,0.692174,5.957171000000001,690,4023,4713
256,2011-09-13,Fall,2011,September,No,Tuesday,Yes,Clear,26.684153,30.1777,0.7125,9.500868,701,4062,4763
257,2011-09-14,Fall,2011,September,No,Wednesday,Yes,Clear,27.606652999999998,31.345,0.697083,11.2091,647,4138,4785
258,2011-09-15,Fall,2011,September,No,Thursday,Yes,Cloudy or Misty,23.677500000000002,27.68355,0.709167,18.166782,428,3231,3659
259,2011-09-16,Fall,2011,September,No,Friday,Yes,Cloudy or Misty,19.235847,23.07375,0.590417,11.000261,742,4018,4760
260,2011-09-17,Fall,2011,September,No,Saturday,No,Cloudy or Misty,20.158347,23.9256,0.718333,12.708225,1434,3077,4511
261,2011-09-18,Fall,2011,September,No,Sunday,No,Clear,20.807499999999997,24.52685,0.695,11.958361,1353,2921,4274
262,2011-09-19,Fall,2011,September,No,Monday,Yes,Cloudy or Misty,22.515846999999997,26.48375,0.69,10.166713999999999,691,3848,4539
263,2011-09-20,Fall,2011,September,No,Tuesday,Yes,Cloudy or Misty,23.028347,26.610850000000003,0.88125,9.041917999999999,438,3203,3641
264,2011-09-21,Fall,2011,September,No,Wednesday,Yes,Cloudy or Misty,24.395,27.526650000000004,0.9,6.4590814,539,3813,4352
265,2011-09-22,Fall,2011,September,No,Thursday,Yes,Cloudy or Misty,25.761653000000003,27.74815,0.902083,8.584375,555,4240,4795
266,2011-09-23,Winter,2011,September,No,Friday,Yes,Cloudy or Misty,24.975847,26.106249999999996,0.9725,5.2505689,258,2137,2395
267,2011-09-24,Winter,2011,September,No,Saturday,No,Cloudy or Misty,24.873347,28.2206,0.8625,5.2516811,1776,3647,5423
268,2011-09-25,Winter,2011,September,No,Sunday,No,Cloudy or Misty,26.000847,28.631849999999996,0.845,3.3754064,1544,3466,5010
269,2011-09-26,Winter,2011,September,No,Monday,Yes,Cloudy or Misty,26.615847000000002,29.452099999999998,0.848333,7.4169,684,3946,4630
270,2011-09-27,Winter,2011,September,No,Tuesday,Yes,Cloudy or Misty,26.103347,28.726249999999997,0.885417,7.917457,477,3643,4120
271,2011-09-28,Winter,2011,September,No,Wednesday,Yes,Cloudy or Misty,26.035,28.757899999999996,0.84875,9.958143000000002,480,3427,3907
272,2011-09-29,Winter,2011,September,No,Thursday,Yes,Clear,25.283347,28.7256,0.699167,11.583161,653,4186,4839
273,2011-09-30,Winter,2011,September,No,Friday,Yes,Clear,23.130847,27.24145,0.6475,13.833825,830,4372,5202
274,2011-10-01,Winter,2011,October,No,Saturday,No,Cloudy or Misty,16.81,20.64315,0.75375,19.583832,480,1949,2429
275,2011-10-02,Winter,2011,October,No,Sunday,No,Cloudy or Misty,14.623347,17.26585,0.791667,14.874870999999999,616,2302,2918
276,2011-10-03,Winter,2011,October,No,Monday,Yes,Cloudy or Misty,15.750846999999998,19.6023,0.760833,5.5841686,330,3240,3570
277,2011-10-04,Winter,2011,October,No,Tuesday,Yes,Clear,19.850847,23.6429,0.71,13.792218,486,3970,4456
278,2011-10-05,Winter,2011,October,No,Wednesday,Yes,Clear,22.071652999999998,26.3569,0.647917,11.87575,559,4267,4826
279,2011-10-06,Winter,2011,October,No,Thursday,Yes,Clear,20.260847000000002,24.02125,0.620833,9.041917999999999,639,4126,4765
280,2011-10-07,Winter,2011,October,No,Friday,Yes,Clear,20.944153,25.2202,0.684167,1.5002439,949,4036,4985
281,2011-10-08,Winter,2011,October,No,Saturday,No,Clear,21.388347,25.6621,0.70125,3.0420814,2235,3174,5409
282,2011-10-09,Winter,2011,October,No,Sunday,No,Clear,22.174153,26.19915,0.7275,4.251150000000001,2397,3114,5511
283,2011-10-10,Winter,2011,October,Yes,Monday,No,Clear,23.404153,27.14625,0.73375,2.8343814,1514,3603,5117
284,2011-10-11,Winter,2011,October,No,Tuesday,Yes,Cloudy or Misty,23.233347000000002,27.3048,0.80875,9.583814,667,3896,4563
285,2011-10-12,Winter,2011,October,No,Wednesday,Yes,Light Rain/Snow,22.276653,25.885849999999998,0.90625,16.62605,217,2199,2416
286,2011-10-13,Winter,2011,October,No,Thursday,Yes,Cloudy or Misty,24.155847,27.5902,0.896667,9.499729,290,2623,2913
287,2011-10-14,Winter,2011,October,No,Friday,Yes,Cloudy or Misty,22.584153,26.48375,0.71625,15.000161,529,3115,3644
288,2011-10-15,Winter,2011,October,No,Saturday,No,Clear,20.773346999999998,24.936249999999998,0.483333,17.291561,1899,3318,5217
289,2011-10-16,Winter,2011,October,No,Sunday,No,Clear,20.978347,25.1577,0.486667,18.875039,1748,3293,5041
290,2011-10-17,Winter,2011,October,No,Monday,Yes,Clear,21.900847,25.53625,0.579583,11.750393,713,3857,4570
291,2011-10-18,Winter,2011,October,No,Tuesday,Yes,Cloudy or Misty,21.8325,26.13605,0.701667,7.375829,637,4111,4748
292,2011-10-19,Winter,2011,October,No,Wednesday,Yes,Light Rain/Snow,22.211299,25.6924,0.895217,16.303713,254,2170,2424
293,2011-10-20,Winter,2011,October,No,Thursday,Yes,Clear,19.509153,23.32625,0.63625,28.292425,471,3724,4195
294,2011-10-21,Winter,2011,October,No,Friday,Yes,Clear,17.5275,21.1798,0.574167,14.833532,676,3628,4304
295,2011-10-22,Winter,2011,October,No,Saturday,No,Clear,17.322499999999998,21.2746,0.629167,6.2086689,1499,2809,4308
296,2011-10-23,Winter,2011,October,No,Sunday,No,Clear,17.288347,21.11665,0.74125,6.6673375,1619,2762,4381
297,2011-10-24,Winter,2011,October,No,Monday,Yes,Clear,18.996653,22.85335,0.772083,7.959064,699,3488,4187
298,2011-10-25,Winter,2011,October,No,Tuesday,Yes,Clear,19.338347,23.16875,0.622917,11.166086,695,3992,4687
299,2011-10-26,Winter,2011,October,No,Wednesday,Yes,Cloudy or Misty,19.850847,23.6423,0.720417,9.959014,404,3490,3894
300,2011-10-27,Winter,2011,October,No,Thursday,Yes,Cloudy or Misty,19.27,22.8523,0.812917,13.250121,240,2419,2659
301,2011-10-28,Winter,2011,October,No,Friday,Yes,Cloudy or Misty,13.564153,15.9406,0.585833,15.375093,456,3291,3747
302,2011-10-29,Winter,2011,October,No,Saturday,No,Light Rain/Snow,10.420846999999998,11.39565,0.8825,23.541857,57,570,627
303,2011-10-30,Winter,2011,October,No,Sunday,No,Clear,13.085847,16.06645,0.62375,11.833339,885,2446,3331
304,2011-10-31,Winter,2011,October,No,Monday,Yes,Clear,13.940000000000001,17.803150000000002,0.703333,7.12545,362,3307,3669
305,2011-11-01,Winter,2011,November,No,Tuesday,Yes,Clear,16.434153,19.8544,0.68375,9.083257,410,3658,4068
306,2011-11-02,Winter,2011,November,No,Wednesday,Yes,Clear,15.477500000000001,19.50665,0.71875,5.5001439,370,3816,4186
307,2011-11-03,Winter,2011,November,No,Thursday,Yes,Clear,16.741653,20.296049999999997,0.702083,9.166739,318,3656,3974
308,2011-11-04,Winter,2011,November,No,Friday,Yes,Cloudy or Misty,16.536653,20.1696,0.6225,18.209193,470,3576,4046
309,2011-11-05,Winter,2011,November,No,Saturday,No,Clear,13.393346999999999,16.1927,0.519167,12.667154,1156,2770,3926
310,2011-11-06,Winter,2011,November,No,Sunday,No,Clear,14.281653,18.117900000000002,0.734583,6.1676314,952,2697,3649
311,2011-11-07,Winter,2011,November,No,Monday,Yes,Clear,16.195,20.04355,0.75875,3.834075,373,3662,4035
312,2011-11-08,Winter,2011,November,No,Tuesday,Yes,Clear,16.741653,20.6123,0.721667,4.6255125,376,3829,4205
313,2011-11-09,Winter,2011,November,No,Wednesday,Yes,Clear,16.400000000000002,20.453950000000003,0.758333,4.1671186,305,3804,4109
314,2011-11-10,Winter,2011,November,No,Thursday,Yes,Cloudy or Misty,15.58,18.68605,0.813333,12.667489000000002,190,2743,2933
315,2011-11-11,Winter,2011,November,Yes,Friday,No,Clear,13.290847,15.34085,0.44625,21.083225,440,2928,3368
316,2011-11-12,Winter,2011,November,No,Saturday,No,Clear,14.623347,17.8971,0.552917,14.208154,1275,2792,4067
317,2011-11-13,Winter,2011,November,No,Sunday,No,Clear,18.074153,21.5275,0.458333,18.875307,1004,2713,3717
318,2011-11-14,Winter,2011,November,No,Monday,Yes,Clear,21.73,26.2306,0.587083,20.541932,595,3891,4486
319,2011-11-15,Winter,2011,November,No,Tuesday,Yes,Cloudy or Misty,21.73,25.37895,0.68875,13.375411,449,3746,4195
320,2011-11-16,Winter,2011,November,No,Wednesday,Yes,Light Rain/Snow,18.723347,22.5994,0.93,9.167543,145,1672,1817
321,2011-11-17,Winter,2011,November,No,Thursday,Yes,Cloudy or Misty,14.008347,16.16105,0.575833,20.459254,139,2914,3053
322,2011-11-18,Winter,2011,November,No,Friday,Yes,Clear,11.240847,13.63605,0.41,11.291711,245,3147,3392
323,2011-11-19,Winter,2011,November,No,Saturday,No,Clear,13.495847,16.22415,0.502083,15.041232,943,2720,3663
324,2011-11-20,Winter,2011,November,No,Sunday,No,Cloudy or Misty,18.996653,22.8529,0.684583,12.45865,787,2733,3520
325,2011-11-21,Winter,2011,November,No,Monday,Yes,Light Rain/Snow,18.3475,22.2531,0.91,9.249618,220,2545,2765
326,2011-11-22,Winter,2011,November,No,Tuesday,Yes,Light Rain/Snow,17.083347,21.0848,0.9625,7.959064,69,1538,1607
327,2011-11-23,Winter,2011,November,No,Wednesday,Yes,Cloudy or Misty,18.074153,21.52685,0.757917,22.500275,112,2454,2566
328,2011-11-24,Winter,2011,November,Yes,Thursday,No,Clear,15.306653,18.62355,0.549167,11.209368000000001,560,935,1495
329,2011-11-25,Winter,2011,November,No,Friday,Yes,Clear,15.375,19.033549999999998,0.64375,6.6260186,1095,1697,2792
330,2011-11-26,Winter,2011,November,No,Saturday,No,Clear,15.409152999999998,19.254350000000002,0.681667,4.5841936,1249,1819,3068
331,2011-11-27,Winter,2011,November,No,Sunday,No,Clear,18.825847,22.79,0.698333,13.999918,810,2261,3071
332,2011-11-28,Winter,2011,November,No,Monday,Yes,Clear,20.642598,24.5061,0.743043,9.522174,253,3614,3867
333,2011-11-29,Winter,2011,November,No,Tuesday,Yes,Cloudy or Misty,18.791653,22.56875,0.830833,17.292164,96,2818,2914
334,2011-11-30,Winter,2011,November,No,Wednesday,Yes,Clear,13.325000000000001,15.561050000000002,0.613333,18.167586,188,3425,3613
335,2011-12-01,Winter,2011,December,No,Thursday,Yes,Clear,12.8125,15.2777,0.524583,14.750586,182,3545,3727
336,2011-12-02,Winter,2011,December,No,Friday,Yes,Clear,12.880847,16.571649999999998,0.625833,6.750518,268,3672,3940
337,2011-12-03,Winter,2011,December,No,Saturday,No,Clear,12.265847,15.530199999999999,0.612917,6.4174811,706,2908,3614
338,2011-12-04,Winter,2011,December,No,Sunday,No,Clear,13.564153,17.455000000000002,0.775833,5.6252061,634,2851,3485
339,2011-12-05,Winter,2011,December,No,Monday,Yes,Cloudy or Misty,15.819153,19.696250000000003,0.827083,4.1679561000000005,233,3578,3811
340,2011-12-06,Winter,2011,December,No,Tuesday,Yes,Light Rain/Snow,18.962500000000002,22.82,0.949583,15.583061,126,2468,2594
341,2011-12-07,Winter,2011,December,No,Wednesday,Yes,Light Rain/Snow,16.81,20.0123,0.970417,17.833725,50,655,705
342,2011-12-08,Winter,2011,December,No,Thursday,Yes,Clear,10.899153,12.8469,0.58,16.083886,150,3172,3322
343,2011-12-09,Winter,2011,December,No,Friday,Yes,Clear,11.924153,15.877099999999999,0.695833,5.5420189,261,3359,3620
344,2011-12-10,Winter,2011,December,No,Saturday,No,Clear,11.275,13.320599999999999,0.5075,15.625807,502,2688,3190
345,2011-12-11,Winter,2011,December,No,Sunday,No,Clear,9.054153,12.6577,0.49,4.458293899999999,377,2366,2743
346,2011-12-12,Winter,2011,December,No,Monday,Yes,Clear,9.771652999999999,13.5098,0.670833,4.251150000000001,143,3167,3310
347,2011-12-13,Winter,2011,December,No,Tuesday,Yes,Clear,11.5825,15.0569,0.59,9.41685,155,3368,3523
348,2011-12-14,Winter,2011,December,No,Wednesday,Yes,Cloudy or Misty,13.0175,16.9181,0.66375,4.0842061,178,3562,3740
349,2011-12-15,Winter,2011,December,No,Thursday,Yes,Cloudy or Misty,17.322499999999998,20.61185,0.634167,17.958814,181,3528,3709
350,2011-12-16,Winter,2011,December,No,Friday,Yes,Cloudy or Misty,15.375,17.99125,0.500417,17.458525,178,3399,3577
351,2011-12-17,Winter,2011,December,No,Saturday,No,Cloudy or Misty,10.591652999999999,12.46855,0.560833,16.292189,275,2464,2739
352,2011-12-18,Winter,2011,December,No,Sunday,No,Clear,9.771652999999999,12.27895,0.58625,11.375193000000001,220,2211,2431
353,2011-12-19,Winter,2011,December,No,Monday,Yes,Clear,11.343347,14.04665,0.6375,11.584031999999999,260,3143,3403
354,2011-12-20,Winter,2011,December,No,Tuesday,Yes,Cloudy or Misty,15.819153,19.822699999999998,0.595417,4.1252436,216,3534,3750
355,2011-12-21,Springer,2011,December,No,Wednesday,Yes,Cloudy or Misty,17.561653,21.40085,0.858333,14.8338,107,2553,2660
356,2011-12-22,Springer,2011,December,No,Thursday,Yes,Cloudy or Misty,17.356653,21.306050000000003,0.7575,3.1674249999999997,227,2841,3068
357,2011-12-23,Springer,2011,December,No,Friday,Yes,Clear,15.306653,18.87565,0.68625,18.374482,163,2046,2209
358,2011-12-24,Springer,2011,December,No,Saturday,No,Clear,12.4025,14.9621,0.5425,12.750368,155,856,1011
359,2011-12-25,Springer,2011,December,No,Sunday,No,Clear,11.266103,13.998050000000001,0.681304,10.391097,303,451,754
360,2011-12-26,Springer,2011,December,Yes,Monday,No,Clear,13.191299,15.77675,0.506957,16.044155,430,887,1317
361,2011-12-27,Springer,2011,December,No,Tuesday,Yes,Cloudy or Misty,13.325000000000001,16.38165,0.7625,12.62615,103,1059,1162
362,2011-12-28,Springer,2011,December,No,Wednesday,Yes,Clear,12.264330000000001,13.9987,0.503913,19.695386999999997,255,2047,2302
363,2011-12-29,Springer,2011,December,No,Thursday,Yes,Clear,10.181653,13.194600000000001,0.574167,8.000604000000001,254,2169,2423
364,2011-12-30,Springer,2011,December,No,Friday,Yes,Clear,12.778347000000002,15.9406,0.636667,9.000579,491,2508,2999
365,2011-12-31,Springer,2011,December,No,Saturday,No,Clear,16.81,20.70605,0.615833,14.750318,665,1820,2485
366,2012-01-01,Springer,2012,January,No,Sunday,No,Clear,15.17,18.78105,0.6925,12.875189,686,1608,2294
367,2012-01-02,Springer,2012,January,Yes,Monday,No,Clear,11.194763,12.615199999999998,0.381304,22.087555,244,1707,1951
368,2012-01-03,Springer,2012,January,No,Tuesday,Yes,Clear,6.1499999999999995,6.31375,0.44125,24.499957000000002,89,2147,2236
369,2012-01-04,Springer,2012,January,No,Wednesday,Yes,Cloudy or Misty,4.4075,5.96685,0.414583,12.3749,95,2273,2368
370,2012-01-05,Springer,2012,January,No,Thursday,Yes,Clear,10.899153,13.9206,0.524167,8.709128999999999,140,3132,3272
371,2012-01-06,Springer,2012,January,No,Friday,Yes,Clear,13.700847,17.01335,0.542083,11.249836,307,3791,4098
372,2012-01-07,Springer,2012,January,No,Saturday,No,Clear,16.126653,19.53895,0.531667,11.708786,1070,3451,4521
373,2012-01-08,Springer,2012,January,No,Sunday,No,Clear,13.8375,17.012900000000002,0.465,12.833314,599,2826,3425
374,2012-01-09,Springer,2012,January,No,Monday,Yes,Cloudy or Misty,9.190847,12.37395,0.701667,6.6263000000000005,106,2270,2376
375,2012-01-10,Springer,2012,January,No,Tuesday,Yes,Clear,12.656536000000001,15.9413,0.646522,12.565984,173,3425,3598
376,2012-01-11,Springer,2012,January,No,Wednesday,Yes,Cloudy or Misty,11.240847,14.14105,0.8475,8.791807,92,2085,2177
377,2012-01-12,Springer,2012,January,No,Thursday,Yes,Cloudy or Misty,15.682500000000001,19.0969,0.802917,12.124789,269,3828,4097
378,2012-01-13,Springer,2012,January,No,Friday,Yes,Clear,11.240847,12.4681,0.5075,25.333236,174,3040,3214
379,2012-01-14,Springer,2012,January,No,Saturday,No,Clear,7.38,9.15435,0.4575,12.541260999999999,333,2160,2493
380,2012-01-15,Springer,2012,January,No,Sunday,No,Clear,6.833347000000001,8.081249999999999,0.419167,16.834286,284,2027,2311
381,2012-01-16,Springer,2012,January,Yes,Monday,No,Clear,7.79,9.53315,0.5225,15.500986000000001,217,2081,2298
382,2012-01-17,Springer,2012,January,No,Tuesday,Yes,Cloudy or Misty,15.294763,18.2139,0.716087,23.39171,127,2808,2935
383,2012-01-18,Springer,2012,January,No,Wednesday,Yes,Clear,12.436653000000002,13.7627,0.443333,27.833743,109,3267,3376
384,2012-01-19,Springer,2012,January,No,Thursday,Yes,Clear,7.79,9.501900000000001,0.4975,14.750586,130,3162,3292
385,2012-01-20,Springer,2012,January,No,Friday,Yes,Cloudy or Misty,8.9175,11.047899999999998,0.45,13.58425,115,3048,3163
386,2012-01-21,Springer,2012,January,No,Saturday,No,Cloudy or Misty,7.106653,8.74375,0.83125,14.917014,67,1234,1301
387,2012-01-22,Springer,2012,January,No,Sunday,No,Cloudy or Misty,6.6625000000000005,8.1125,0.79625,13.375746000000001,196,1781,1977
388,2012-01-23,Springer,2012,January,No,Monday,Yes,Cloudy or Misty,8.951653,12.152899999999999,0.91125,7.417436,145,2287,2432
389,2012-01-24,Springer,2012,January,No,Tuesday,Yes,Clear,14.0425,17.455399999999997,0.835833,8.292389,439,3900,4339
390,2012-01-25,Springer,2012,January,No,Wednesday,Yes,Clear,12.060847,14.74105,0.64375,10.791756999999999,467,3803,4270
391,2012-01-26,Springer,2012,January,No,Thursday,Yes,Cloudy or Misty,14.008347,17.8025,0.769583,4.9175186,244,3831,4075
392,2012-01-27,Springer,2012,January,No,Friday,Yes,Cloudy or Misty,17.425,20.76915,0.74125,22.958689,269,3187,3456
393,2012-01-28,Springer,2012,January,No,Saturday,No,Clear,12.949152999999999,16.318949999999997,0.543333,14.125542999999999,775,3248,4023
394,2012-01-29,Springer,2012,January,No,Sunday,No,Clear,11.5825,13.63605,0.31125,16.08335,558,2685,3243
395,2012-01-30,Springer,2012,January,No,Monday,Yes,Clear,11.035847,13.13125,0.400833,14.458064,126,3498,3624
396,2012-01-31,Springer,2012,January,No,Tuesday,Yes,Clear,15.99,19.06585,0.416667,17.541739,324,4185,4509
397,2012-02-01,Springer,2012,February,No,Wednesday,Yes,Clear,19.235847,23.326900000000002,0.507917,12.667489000000002,304,4275,4579
398,2012-02-02,Springer,2012,February,No,Thursday,Yes,Cloudy or Misty,16.365847,19.94855,0.672917,12.541528999999999,190,3571,3761
399,2012-02-03,Springer,2012,February,No,Friday,Yes,Clear,12.846652999999998,15.4673,0.526667,11.959232,310,3841,4151
400,2012-02-04,Springer,2012,February,No,Saturday,No,Cloudy or Misty,10.830846999999999,13.63625,0.779583,8.167032,384,2448,2832
401,2012-02-05,Springer,2012,February,No,Sunday,No,Cloudy or Misty,10.899153,13.22605,0.687917,11.791732000000001,318,2629,2947
402,2012-02-06,Springer,2012,February,No,Monday,Yes,Clear,11.586969,14.8213,0.622174,10.304599999999999,206,3578,3784
403,2012-02-07,Springer,2012,February,No,Tuesday,Yes,Clear,14.520847,18.0552,0.49625,9.874393000000001,199,4176,4375
404,2012-02-08,Springer,2012,February,No,Wednesday,Yes,Cloudy or Misty,10.523347,13.321050000000001,0.722917,8.959307,109,2693,2802
405,2012-02-09,Springer,2012,February,No,Thursday,Yes,Clear,10.865,13.0994,0.562083,13.000478999999999,163,3667,3830
406,2012-02-10,Springer,2012,February,No,Friday,Yes,Cloudy or Misty,11.514153,14.6779,0.54,7.834243000000001,227,3604,3831
407,2012-02-11,Springer,2012,February,No,Saturday,No,Light Rain/Snow,9.190847,10.54335,0.73125,19.416332,192,1977,2169
408,2012-02-12,Springer,2012,February,No,Sunday,No,Clear,5.2275,5.0828999999999995,0.464583,27.417204,73,1456,1529
409,2012-02-13,Springer,2012,February,No,Monday,Yes,Clear,9.1225,11.39565,0.41125,11.207961,94,3328,3422
410,2012-02-14,Springer,2012,February,No,Tuesday,Yes,Cloudy or Misty,13.085847,16.697300000000002,0.50875,9.458993,135,3787,3922
411,2012-02-15,Springer,2012,February,No,Wednesday,Yes,Clear,14.281653,17.58145,0.53125,12.167200000000001,141,4028,4169
412,2012-02-16,Springer,2012,February,No,Thursday,Yes,Cloudy or Misty,12.983346999999998,16.5081,0.752917,6.125475000000001,74,2931,3005
413,2012-02-17,Springer,2012,February,No,Friday,Yes,Clear,14.076653,17.58145,0.634583,13.791682,349,3805,4154
414,2012-02-18,Springer,2012,February,No,Saturday,No,Clear,14.213347,17.77125,0.534583,12.792243,1435,2883,4318
415,2012-02-19,Springer,2012,February,No,Sunday,No,Cloudy or Misty,11.48,13.2894,0.515833,16.958504,618,2071,2689
416,2012-02-20,Springer,2012,February,Yes,Monday,No,Clear,11.48,13.66955,0.507826,15.348561,502,2627,3129
417,2012-02-21,Springer,2012,February,No,Tuesday,Yes,Clear,11.800866000000001,14.755650000000001,0.594348,13.783039,163,3614,3777
418,2012-02-22,Springer,2012,February,No,Wednesday,Yes,Clear,16.229153,19.63335,0.567917,15.709557,394,4379,4773
419,2012-02-23,Springer,2012,February,No,Thursday,Yes,Clear,18.620846999999998,22.2223,0.554583,12.791171,516,4546,5062
420,2012-02-24,Springer,2012,February,No,Friday,Yes,Cloudy or Misty,16.7075,20.54855,0.7375,15.916989,246,3241,3487
421,2012-02-25,Springer,2012,February,No,Saturday,No,Clear,11.924153,12.78375,0.395833,28.250014,317,2415,2732
422,2012-02-26,Springer,2012,February,No,Sunday,No,Clear,11.445847,13.4154,0.41,13.750342999999999,515,2874,3389
423,2012-02-27,Springer,2012,February,No,Monday,Yes,Clear,15.033347000000001,17.8977,0.490833,17.958211000000002,253,4069,4322
424,2012-02-28,Springer,2012,February,No,Tuesday,Yes,Clear,14.725847,17.67625,0.395833,12.958939,229,4134,4363
425,2012-02-29,Springer,2012,February,No,Wednesday,Yes,Cloudy or Misty,14.118267999999999,17.4235,0.804783,12.000839,65,1769,1834
426,2012-03-01,Springer,2012,March,No,Thursday,Yes,Clear,19.919153,23.768549999999998,0.615417,15.208129,325,4665,4990
427,2012-03-02,Springer,2012,March,No,Friday,Yes,Cloudy or Misty,14.486653,17.9921,0.657083,9.708568,246,2948,3194
428,2012-03-03,Springer,2012,March,No,Saturday,No,Cloudy or Misty,16.980847,20.6746,0.62125,10.792293,956,3110,4066
429,2012-03-04,Springer,2012,March,No,Sunday,No,Clear,13.359153,15.15105,0.403333,22.416257,710,2713,3423
430,2012-03-05,Springer,2012,March,No,Monday,Yes,Clear,9.976652999999999,12.05855,0.50625,15.333486,203,3130,3333
431,2012-03-06,Springer,2012,March,No,Tuesday,Yes,Clear,10.591652999999999,12.752099999999999,0.456667,13.458625,221,3735,3956
432,2012-03-07,Springer,2012,March,No,Wednesday,Yes,Clear,16.570847,19.255,0.513333,23.167193,432,4484,4916
433,2012-03-08,Springer,2012,March,No,Thursday,Yes,Clear,21.627499999999998,26.230199999999996,0.5675,29.584721,486,4896,5382
434,2012-03-09,Springer,2012,March,No,Friday,Yes,Cloudy or Misty,16.844153,19.85415,0.407083,27.7916,447,4122,4569
435,2012-03-10,Springer,2012,March,No,Saturday,No,Clear,11.7875,13.888349999999999,0.350417,15.125250000000001,968,3150,4118
436,2012-03-11,Springer,2012,March,No,Sunday,No,Clear,14.831299,17.9835,0.476957,14.913329000000001,1658,3253,4911
437,2012-03-12,Springer,2012,March,No,Monday,Yes,Clear,19.133347,22.9796,0.489167,13.916771,838,4460,5298
438,2012-03-13,Springer,2012,March,No,Tuesday,Yes,Clear,23.165,27.14645,0.6175,15.87565,762,5085,5847
439,2012-03-14,Springer,2012,March,No,Wednesday,Yes,Clear,23.4725,27.43085,0.507083,7.709154,997,5315,6312
440,2012-03-15,Springer,2012,March,No,Thursday,Yes,Clear,22.857499999999998,26.64125,0.579583,10.042161,1005,5187,6192
441,2012-03-16,Springer,2012,March,No,Friday,Yes,Cloudy or Misty,17.869153,21.81145,0.842083,7.583864,548,3830,4378
442,2012-03-17,Springer,2012,March,No,Saturday,No,Cloudy or Misty,21.080847000000002,25.252299999999998,0.755833,7.417168,3155,4681,7836
443,2012-03-18,Springer,2012,March,No,Sunday,No,Cloudy or Misty,19.3725,23.200000000000003,0.81,8.501161,2207,3685,5892
444,2012-03-19,Springer,2012,March,No,Monday,Yes,Clear,22.345000000000002,26.64105,0.72875,10.875238999999999,982,5171,6153
445,2012-03-20,Springer,2012,March,No,Tuesday,Yes,Clear,22.994153,26.926650000000002,0.807917,8.125157,1051,5042,6093
446,2012-03-21,Summer,2012,March,No,Wednesday,Yes,Cloudy or Misty,21.798347,25.6629,0.82125,6.000406099999999,1122,5108,6230
447,2012-03-22,Summer,2012,March,No,Thursday,Yes,Clear,22.720847,26.57835,0.83125,7.876654,1334,5537,6871
448,2012-03-23,Summer,2012,March,No,Friday,Yes,Cloudy or Misty,24.668346999999997,28.50335,0.694167,7.7921000000000005,2469,5893,8362
449,2012-03-24,Summer,2012,March,No,Saturday,No,Cloudy or Misty,20.6025,24.336650000000002,0.885417,12.916461,1033,2339,3372
450,2012-03-25,Summer,2012,March,No,Sunday,No,Cloudy or Misty,17.9375,21.874399999999998,0.880833,14.791924999999999,1532,3464,4996
451,2012-03-26,Summer,2012,March,No,Monday,Yes,Clear,18.279153,21.9375,0.477917,25.917007,795,4763,5558
452,2012-03-27,Summer,2012,March,No,Tuesday,Yes,Clear,13.256653,15.7827,0.29,12.541864,531,4571,5102
453,2012-03-28,Summer,2012,March,No,Wednesday,Yes,Clear,19.850847,23.5475,0.48125,19.541957,674,5024,5698
454,2012-03-29,Summer,2012,March,No,Thursday,Yes,Clear,20.260847000000002,24.1152,0.439167,21.41655,834,5299,6133
455,2012-03-30,Summer,2012,March,No,Friday,Yes,Cloudy or Misty,15.17,18.78105,0.580833,9.250489,796,4663,5459
456,2012-03-31,Summer,2012,March,No,Saturday,No,Cloudy or Misty,17.390847,21.0854,0.738333,16.791338999999997,2301,3934,6235
457,2012-04-01,Summer,2012,April,No,Sunday,No,Cloudy or Misty,17.459153,20.86435,0.67625,11.541889,2347,3694,6041
458,2012-04-02,Summer,2012,April,No,Monday,Yes,Clear,17.790433,21.37565,0.504348,20.913313,1208,4728,5936
459,2012-04-03,Summer,2012,April,No,Tuesday,Yes,Clear,19.133347,23.07415,0.396667,6.708911,1348,5424,6772
460,2012-04-04,Summer,2012,April,No,Wednesday,Yes,Clear,22.208347,26.6725,0.469583,12.125325,1058,5378,6436
461,2012-04-05,Summer,2012,April,No,Thursday,Yes,Clear,17.835,21.55815,0.374167,14.708443,1192,5265,6457
462,2012-04-06,Summer,2012,April,No,Friday,Yes,Clear,16.536653,19.538349999999998,0.377083,20.125996,1807,4653,6460
463,2012-04-07,Summer,2012,April,No,Saturday,No,Clear,17.9375,21.306449999999998,0.254167,18.416356999999998,3252,3605,6857
464,2012-04-08,Summer,2012,April,No,Sunday,No,Clear,20.5,24.62125,0.275833,15.583931999999999,2230,2939,5169
465,2012-04-09,Summer,2012,April,No,Monday,Yes,Clear,20.055847,23.8319,0.3175,23.999132,905,4680,5585
466,2012-04-10,Summer,2012,April,No,Tuesday,Yes,Clear,18.313347,21.81165,0.435,16.708125000000003,819,5099,5918
467,2012-04-11,Summer,2012,April,No,Wednesday,Yes,Clear,14.296536,16.8637,0.469565,19.783358,482,4380,4862
468,2012-04-12,Summer,2012,April,No,Thursday,Yes,Clear,16.2975,19.3802,0.46625,19.458743,663,4746,5409
469,2012-04-13,Summer,2012,April,No,Friday,Yes,Clear,18.142500000000002,21.590400000000002,0.408333,10.416557,1252,5146,6398
470,2012-04-14,Summer,2012,April,No,Saturday,No,Clear,20.294999999999998,24.3998,0.502917,12.791439,2795,4665,7460
471,2012-04-15,Summer,2012,April,No,Sunday,No,Clear,24.873347,28.69375,0.507917,15.083643,2846,4286,7132
472,2012-04-16,Summer,2012,April,Yes,Monday,No,Clear,27.230846999999997,30.746250000000003,0.561667,19.083543,1198,5172,6370
473,2012-04-17,Summer,2012,April,No,Tuesday,Yes,Clear,24.941653000000002,29.92435,0.390417,18.333143,989,5702,6691
474,2012-04-18,Summer,2012,April,No,Wednesday,Yes,Cloudy or Misty,18.996653,22.8519,0.569167,11.250104,347,4020,4367
475,2012-04-19,Summer,2012,April,No,Thursday,Yes,Clear,20.431653,24.6523,0.6125,4.417256399999999,846,5719,6565
476,2012-04-20,Summer,2012,April,No,Friday,Yes,Clear,21.593347,25.78875,0.694583,10.041357,1340,5950,7290
477,2012-04-21,Summer,2012,April,No,Saturday,No,Clear,23.369999999999997,27.14605,0.682917,19.000328999999997,2541,4083,6624
478,2012-04-22,Summer,2012,April,No,Sunday,No,Light Rain/Snow,16.263347,19.4752,0.835417,23.084582,120,907,1027
479,2012-04-23,Summer,2012,April,No,Monday,Yes,Cloudy or Misty,13.188346999999998,15.056249999999999,0.766667,20.334232,195,3019,3214
480,2012-04-24,Summer,2012,April,No,Tuesday,Yes,Clear,16.946653,20.26415,0.454167,16.708661,518,5115,5633
481,2012-04-25,Summer,2012,April,No,Wednesday,Yes,Clear,19.543347,23.51585,0.427917,7.959064,655,5541,6196
482,2012-04-26,Summer,2012,April,No,Thursday,Yes,Cloudy or Misty,20.431653,24.17915,0.756667,11.833875,475,4551,5026
483,2012-04-27,Summer,2012,April,No,Friday,Yes,Clear,18.7575,22.63185,0.400833,23.291411,1014,5219,6233
484,2012-04-28,Summer,2012,April,No,Saturday,No,Cloudy or Misty,15.443347,18.8752,0.489583,8.708325,1120,3100,4220
485,2012-04-29,Summer,2012,April,No,Sunday,No,Clear,18.791653,22.50605,0.587083,7.8328359999999995,2229,4075,6304
486,2012-04-30,Summer,2012,April,No,Monday,Yes,Cloudy or Misty,19.030847,22.8848,0.57,11.499746,665,4907,5572
487,2012-05-01,Summer,2012,May,No,Tuesday,Yes,Cloudy or Misty,25.146653,28.85105,0.659583,10.458432,653,5087,5740
488,2012-05-02,Summer,2012,May,No,Wednesday,Yes,Clear,23.130847,26.894800000000004,0.797083,9.249885999999998,667,5502,6169
489,2012-05-03,Summer,2012,May,No,Thursday,Yes,Cloudy or Misty,22.96,26.862099999999998,0.768333,8.957632,764,5657,6421
490,2012-05-04,Summer,2012,May,No,Friday,Yes,Clear,25.7275,29.54585,0.735417,10.916846,1069,5227,6296
491,2012-05-05,Summer,2012,May,No,Saturday,No,Cloudy or Misty,25.488346999999997,29.2304,0.756667,10.250464,2496,4387,6883
492,2012-05-06,Summer,2012,May,No,Sunday,No,Cloudy or Misty,23.0625,27.336850000000002,0.74,10.041893,2135,4224,6359
493,2012-05-07,Summer,2012,May,No,Monday,Yes,Cloudy or Misty,22.037499999999998,26.3571,0.664167,15.458307000000001,1008,5265,6273
494,2012-05-08,Summer,2012,May,No,Tuesday,Yes,Cloudy or Misty,23.848347,27.87355,0.685833,19.833942999999998,738,4990,5728
495,2012-05-09,Summer,2012,May,No,Wednesday,Yes,Cloudy or Misty,23.575,27.65125,0.744167,14.499604,620,4097,4717
496,2012-05-10,Summer,2012,May,No,Thursday,Yes,Clear,20.739152999999998,24.58915,0.552083,21.042220999999998,1026,5546,6572
497,2012-05-11,Summer,2012,May,No,Friday,Yes,Clear,21.866653,26.04165,0.360417,15.874779,1319,5711,7030
498,2012-05-12,Summer,2012,May,No,Saturday,No,Clear,23.130847,27.24085,0.480417,8.249911,2622,4807,7429
499,2012-05-13,Summer,2012,May,No,Sunday,No,Clear,25.1125,29.2619,0.57625,15.082839,2172,3946,6118
500,2012-05-14,Summer,2012,May,No,Monday,Yes,Cloudy or Misty,23.506653,27.495000000000005,0.789583,14.250364,342,2501,2843
501,2012-05-15,Summer,2012,May,No,Tuesday,Yes,Cloudy or Misty,25.078346999999997,28.8202,0.794583,9.875264,625,4490,5115
502,2012-05-16,Summer,2012,May,No,Wednesday,Yes,Clear,26.103347,29.798750000000002,0.697917,8.208304,991,6433,7424
503,2012-05-17,Summer,2012,May,No,Thursday,Yes,Clear,24.326653,28.630650000000003,0.52,15.374825000000001,1242,6142,7384
504,2012-05-18,Summer,2012,May,No,Friday,Yes,Clear,23.130847,27.55605,0.523333,9.166739,1521,6118,7639
505,2012-05-19,Summer,2012,May,No,Saturday,No,Clear,24.599999999999998,28.345399999999998,0.45625,5.626325,3410,4884,8294
506,2012-05-20,Summer,2012,May,No,Sunday,No,Clear,25.454152999999998,29.19835,0.530417,17.042589,2704,4425,7129
507,2012-05-21,Summer,2012,May,No,Monday,Yes,Cloudy or Misty,24.531653,28.283350000000002,0.81125,15.624668,630,3729,4359
508,2012-05-22,Summer,2012,May,No,Tuesday,Yes,Cloudy or Misty,25.215,29.04125,0.765833,7.917189,819,5254,6073
509,2012-05-23,Summer,2012,May,No,Wednesday,Yes,Cloudy or Misty,25.488346999999997,29.230600000000003,0.774583,6.834,766,4494,5260
510,2012-05-24,Summer,2012,May,No,Thursday,Yes,Clear,26.855,30.335,0.716667,11.584031999999999,1059,5711,6770
511,2012-05-25,Summer,2012,May,No,Friday,Yes,Clear,27.880000000000003,31.37645,0.747083,9.41685,1417,5317,6734
512,2012-05-26,Summer,2012,May,No,Saturday,No,Clear,28.392500000000002,32.134800000000006,0.7325,13.332464,2855,3681,6536
513,2012-05-27,Summer,2012,May,No,Sunday,No,Clear,28.29,32.07125,0.697083,14.416457,3283,3308,6591
514,2012-05-28,Summer,2012,May,Yes,Monday,No,Clear,29.212500000000002,33.965,0.67625,13.166907,2557,3486,6043
515,2012-05-29,Summer,2012,May,No,Tuesday,Yes,Clear,29.622500000000002,33.6496,0.684583,19.7918,880,4863,5743
516,2012-05-30,Summer,2012,May,No,Wednesday,Yes,Cloudy or Misty,26.923347,30.55645,0.67,9.000043,745,6110,6855
517,2012-05-31,Summer,2012,May,No,Thursday,Yes,Clear,27.880000000000003,31.566450000000003,0.492917,13.083693,1100,6238,7338
518,2012-06-01,Summer,2012,June,No,Friday,Yes,Cloudy or Misty,26.820847,30.3981,0.755417,15.916720999999999,533,3594,4127
519,2012-06-02,Summer,2012,June,No,Saturday,No,Clear,23.916653,28.3144,0.549167,12.499654,2795,5325,8120
520,2012-06-03,Summer,2012,June,No,Sunday,No,Clear,24.7025,28.75665,0.493333,12.333829,2494,5147,7641
521,2012-06-04,Summer,2012,June,No,Monday,Yes,Clear,24.497500000000002,28.91415,0.487083,19.083811,1071,5927,6998
522,2012-06-05,Summer,2012,June,No,Tuesday,Yes,Cloudy or Misty,22.174153,26.294600000000003,0.613333,14.041525,968,6033,7001
523,2012-06-06,Summer,2012,June,No,Wednesday,Yes,Clear,22.720847,27.1146,0.61125,5.167375,1027,6028,7055
524,2012-06-07,Summer,2012,June,No,Thursday,Yes,Clear,24.7025,28.4721,0.567083,10.542449999999999,1038,6456,7494
525,2012-06-08,Summer,2012,June,No,Friday,Yes,Clear,26.615847000000002,29.8931,0.467917,11.750661000000001,1488,6248,7736
526,2012-06-09,Summer,2012,June,No,Saturday,No,Clear,29.144153000000003,32.418350000000004,0.437083,9.667229,2708,4790,7498
527,2012-06-10,Summer,2012,June,No,Sunday,No,Clear,29.793346999999997,33.175850000000004,0.538333,8.959307,2224,4374,6598
528,2012-06-11,Summer,2012,June,No,Monday,Yes,Cloudy or Misty,29.554153,32.98605,0.587917,13.916771,1017,5647,6664
529,2012-06-12,Summer,2012,June,No,Tuesday,Yes,Cloudy or Misty,26.786653,29.89375,0.833333,14.374581999999998,477,4495,4972
530,2012-06-13,Summer,2012,June,No,Wednesday,Yes,Clear,26.889153,30.55585,0.582083,22.999693,1173,6248,7421
531,2012-06-14,Summer,2012,June,No,Thursday,Yes,Clear,26.581653000000003,31.219150000000003,0.569583,17.000111,1180,6183,7363
532,2012-06-15,Summer,2012,June,No,Friday,Yes,Clear,26.205847000000002,29.9877,0.589583,11.833339,1563,6102,7665
533,2012-06-16,Summer,2012,June,No,Saturday,No,Clear,25.898346999999998,29.735400000000002,0.504167,11.166689,2963,4739,7702
534,2012-06-17,Summer,2012,June,No,Sunday,No,Clear,24.2925,28.59875,0.59875,9.708568,2634,4344,6978
535,2012-06-18,Summer,2012,June,No,Monday,Yes,Cloudy or Misty,23.301652999999998,27.2421,0.777917,11.707982000000001,653,4446,5099
536,2012-06-19,Summer,2012,June,No,Tuesday,Yes,Clear,28.221653,32.7346,0.69,9.917139,968,5857,6825
537,2012-06-20,Summer,2012,June,No,Wednesday,Yes,Clear,32.082499999999996,36.04875,0.592083,7.625404,872,5339,6211
538,2012-06-21,Fall,2012,June,No,Thursday,Yes,Clear,33.039153,37.6271,0.567917,7.958729,778,5127,5905
539,2012-06-22,Fall,2012,June,No,Friday,Yes,Clear,31.877499999999998,36.20605,0.57375,12.250414000000001,964,4859,5823
540,2012-06-23,Fall,2012,June,No,Saturday,No,Clear,29.998347,32.6396,0.534583,12.041307,2657,4801,7458
541,2012-06-24,Fall,2012,June,No,Sunday,No,Clear,30.476653000000002,33.7127,0.479167,9.750174999999999,2551,4340,6891
542,2012-06-25,Fall,2012,June,No,Monday,Yes,Clear,29.349153,32.7021,0.504167,20.125661,1139,5640,6779
543,2012-06-26,Fall,2012,June,No,Tuesday,Yes,Clear,25.864152999999998,29.7352,0.373333,23.292014,1077,6365,7442
544,2012-06-27,Fall,2012,June,No,Wednesday,Yes,Clear,28.5975,32.0396,0.36,18.208925,1077,6258,7335
545,2012-06-28,Fall,2012,June,No,Thursday,Yes,Clear,30.715847,33.7756,0.4225,11.50055,921,5958,6879
546,2012-06-29,Fall,2012,June,No,Friday,Yes,Clear,34.200847,39.33065,0.48875,11.082939000000001,829,4634,5463
547,2012-06-30,Fall,2012,June,No,Saturday,No,Clear,31.365000000000002,34.3754,0.60125,10.791756999999999,1455,4232,5687
548,2012-07-01,Fall,2012,July,No,Sunday,No,Clear,33.449153,37.53145,0.51875,11.291443000000001,1421,4110,5531
549,2012-07-02,Fall,2012,July,No,Monday,Yes,Clear,32.048347,35.1019,0.447083,13.082889,904,5323,6227
550,2012-07-03,Fall,2012,July,No,Tuesday,Yes,Clear,32.014153,35.1325,0.492083,8.457878999999998,1052,5608,6660
551,2012-07-04,Fall,2012,July,Yes,Wednesday,No,Clear,32.355847,36.61685,0.53875,9.041649999999999,2562,4841,7403
552,2012-07-05,Fall,2012,July,No,Thursday,Yes,Clear,33.9275,38.06835,0.457917,12.999943,1405,4836,6241
553,2012-07-06,Fall,2012,July,No,Friday,Yes,Clear,33.961653,37.62665,0.450833,9.791514,1366,4841,6207
554,2012-07-07,Fall,2012,July,No,Saturday,No,Clear,35.328347,40.24565,0.492083,10.958118,1448,3392,4840
555,2012-07-08,Fall,2012,July,No,Sunday,No,Clear,33.722500000000004,39.5198,0.57375,8.417143,1203,3469,4672
556,2012-07-09,Fall,2012,July,No,Monday,Yes,Cloudy or Misty,29.144153000000003,32.7027,0.683333,12.125325,998,5571,6569
557,2012-07-10,Fall,2012,July,No,Tuesday,Yes,Cloudy or Misty,29.554153,33.2398,0.6675,10.166379000000001,954,5336,6290
558,2012-07-11,Fall,2012,July,No,Wednesday,Yes,Clear,29.383347,32.51355,0.633333,10.166111,975,6289,7264
559,2012-07-12,Fall,2012,July,No,Thursday,Yes,Clear,29.349153,32.73415,0.529583,9.833924999999999,1032,6414,7446
560,2012-07-13,Fall,2012,July,No,Friday,Yes,Cloudy or Misty,29.998347,33.39665,0.485833,5.41695,1511,5988,7499
561,2012-07-14,Fall,2012,July,No,Saturday,No,Cloudy or Misty,28.836653,33.3021,0.699167,9.626493,2355,4614,6969
562,2012-07-15,Fall,2012,July,No,Sunday,No,Clear,30.579152999999998,35.259800000000006,0.717917,11.166689,1920,4111,6031
563,2012-07-16,Fall,2012,July,No,Monday,Yes,Clear,31.296653000000003,36.206250000000004,0.645,11.000529,1088,5742,6830
564,2012-07-17,Fall,2012,July,No,Tuesday,Yes,Clear,33.551653,37.78415,0.505833,7.666743,921,5865,6786
565,2012-07-18,Fall,2012,July,No,Wednesday,Yes,Clear,32.526652999999996,37.27915,0.577083,9.208614,799,4914,5713
566,2012-07-19,Fall,2012,July,No,Thursday,Yes,Clear,31.57,35.7321,0.600417,11.083743,888,5703,6591
567,2012-07-20,Fall,2012,July,No,Friday,Yes,Cloudy or Misty,27.299153,30.65125,0.844167,14.000789000000001,747,5123,5870
568,2012-07-21,Fall,2012,July,No,Saturday,No,Light Rain/Snow,24.429153,27.495599999999996,0.865417,14.2911,1264,3195,4459
569,2012-07-22,Fall,2012,July,No,Sunday,No,Cloudy or Misty,27.3675,31.156250000000004,0.7625,6.2926936,2544,4866,7410
570,2012-07-23,Fall,2012,July,No,Monday,Yes,Clear,30.408347,34.50085,0.694167,9.291761,1135,5831,6966
571,2012-07-24,Fall,2012,July,No,Tuesday,Yes,Clear,30.784153,35.3225,0.655,14.167418,1140,6452,7592
572,2012-07-25,Fall,2012,July,No,Wednesday,Yes,Clear,29.690847,32.7027,0.45,11.0416,1383,6790,8173
573,2012-07-26,Fall,2012,July,No,Thursday,Yes,Clear,31.843347,36.96315,0.596667,19.082470999999998,1036,5825,6861
574,2012-07-27,Fall,2012,July,No,Friday,Yes,Clear,32.048347,36.71085,0.594583,10.250464,1259,5645,6904
575,2012-07-28,Fall,2012,July,No,Saturday,No,Clear,30.989152999999998,34.8802,0.613333,10.542449999999999,2234,4451,6685
576,2012-07-29,Fall,2012,July,No,Sunday,No,Clear,29.588347,33.39665,0.62375,11.416532,2153,4444,6597
577,2012-07-30,Fall,2012,July,No,Monday,Yes,Clear,29.964153,34.24935,0.66875,10.292339,1040,6065,7105
578,2012-07-31,Fall,2012,July,No,Tuesday,Yes,Clear,29.246653,33.144800000000004,0.704167,11.083475,968,6248,7216
579,2012-08-01,Fall,2012,August,No,Wednesday,Yes,Clear,29.4175,33.3654,0.6775,9.458993,1074,6506,7580
580,2012-08-02,Fall,2012,August,No,Thursday,Yes,Clear,30.8525,35.354400000000005,0.659583,8.666718,983,6278,7261
581,2012-08-03,Fall,2012,August,No,Friday,Yes,Cloudy or Misty,31.399153,36.143350000000005,0.6425,14.458064,1328,5847,7175
582,2012-08-04,Fall,2012,August,No,Saturday,No,Clear,32.526652999999996,37.56335,0.613333,17.249686,2345,4479,6824
583,2012-08-05,Fall,2012,August,No,Sunday,No,Clear,31.535847,36.55395,0.6525,19.458206999999998,1707,3757,5464
584,2012-08-06,Fall,2012,August,No,Monday,Yes,Cloudy or Misty,30.8525,35.5123,0.654167,8.666718,1233,5780,7013
585,2012-08-07,Fall,2012,August,No,Tuesday,Yes,Cloudy or Misty,30.169152999999998,34.88105,0.70375,7.8328359999999995,1278,5995,7273
586,2012-08-08,Fall,2012,August,No,Wednesday,Yes,Cloudy or Misty,30.75,35.385850000000005,0.672917,7.4169,1263,6271,7534
587,2012-08-09,Fall,2012,August,No,Thursday,Yes,Clear,30.989152999999998,34.9754,0.620417,10.458699999999999,1196,6090,7286
588,2012-08-10,Fall,2012,August,No,Friday,Yes,Cloudy or Misty,29.349153,33.3971,0.715833,16.000471,1065,4721,5786
589,2012-08-11,Fall,2012,August,No,Saturday,No,Cloudy or Misty,28.392500000000002,31.91335,0.732917,13.834093,2247,4052,6299
590,2012-08-12,Fall,2012,August,No,Sunday,No,Clear,28.734153000000003,32.22895,0.530417,8.208304,2182,4362,6544
591,2012-08-13,Fall,2012,August,No,Monday,Yes,Clear,29.554153,33.112700000000004,0.545417,9.126204,1207,5676,6883
592,2012-08-14,Fall,2012,August,No,Tuesday,Yes,Clear,29.793346999999997,33.838950000000004,0.686667,11.333586,1128,5656,6784
593,2012-08-15,Fall,2012,August,No,Wednesday,Yes,Clear,28.973347,32.70185,0.619583,11.374657000000001,1198,6149,7347
594,2012-08-16,Fall,2012,August,No,Thursday,Yes,Clear,29.485847,32.7344,0.519167,9.500332,1338,6267,7605
595,2012-08-17,Fall,2012,August,No,Friday,Yes,Clear,29.656653,12.120000000000001,0.570833,15.500718,1483,5665,7148
596,2012-08-18,Fall,2012,August,No,Saturday,No,Clear,27.811653,30.903550000000003,0.603333,11.917089,2827,5038,7865
597,2012-08-19,Fall,2012,August,No,Sunday,No,Cloudy or Misty,26.069153,30.1777,0.711667,5.79215,1208,3341,4549
598,2012-08-20,Fall,2012,August,No,Monday,Yes,Cloudy or Misty,26.069153,29.798350000000003,0.734167,8.708593,1026,5504,6530
599,2012-08-21,Fall,2012,August,No,Tuesday,Yes,Clear,26.615847000000002,30.051250000000003,0.67375,4.8756436,1081,5925,7006
600,2012-08-22,Fall,2012,August,No,Wednesday,Yes,Clear,27.3675,31.0927,0.677083,4.708981100000001,1094,6281,7375
601,2012-08-23,Fall,2012,August,No,Thursday,Yes,Clear,28.529153,31.8504,0.635833,5.6679186,1363,6402,7765
602,2012-08-24,Fall,2012,August,No,Friday,Yes,Cloudy or Misty,28.802500000000002,32.355000000000004,0.615,4.8337686,1325,6257,7582
603,2012-08-25,Fall,2012,August,No,Saturday,No,Cloudy or Misty,27.128347,30.934800000000003,0.712917,16.375336,1829,4224,6053
604,2012-08-26,Fall,2012,August,No,Sunday,No,Cloudy or Misty,26.786653,29.799799999999998,0.845833,15.333486,1483,3772,5255
605,2012-08-27,Fall,2012,August,No,Monday,Yes,Clear,28.836653,32.7344,0.730417,8.625110999999999,989,5928,6917
606,2012-08-28,Fall,2012,August,No,Tuesday,Yes,Clear,29.861653,33.3025,0.62,12.791975,935,6105,7040
607,2012-08-29,Fall,2012,August,No,Wednesday,Yes,Clear,28.085,31.786649999999998,0.552083,7.541653999999999,1177,6520,7697
608,2012-08-30,Fall,2012,August,No,Thursday,Yes,Clear,28.973347,32.63895,0.590417,5.1668189,1172,6541,7713
609,2012-08-31,Fall,2012,August,No,Friday,Yes,Clear,31.330847000000002,34.47,0.5875,11.291711,1433,5917,7350
610,2012-09-01,Fall,2012,September,No,Saturday,No,Cloudy or Misty,30.886653000000003,35.1327,0.638333,7.5835289999999995,2352,3788,6140
611,2012-09-02,Fall,2012,September,No,Sunday,No,Cloudy or Misty,28.563347,32.45,0.815,4.2927436,2613,3197,5810
612,2012-09-03,Fall,2012,September,Yes,Monday,No,Clear,29.0075,33.081450000000004,0.790833,10.125107,1965,4069,6034
613,2012-09-04,Fall,2012,September,No,Tuesday,Yes,Clear,29.759152999999998,34.3444,0.755,15.833507,867,5997,6864
614,2012-09-05,Fall,2012,September,No,Wednesday,Yes,Clear,30.203346999999997,35.44915,0.74125,12.583136,832,6280,7112
615,2012-09-06,Fall,2012,September,No,Thursday,Yes,Cloudy or Misty,28.563347,32.766450000000006,0.810417,9.542207,611,5592,6203
616,2012-09-07,Fall,2012,September,No,Friday,Yes,Clear,28.836653,32.8602,0.73625,11.500282,1045,6459,7504
617,2012-09-08,Fall,2012,September,No,Saturday,No,Cloudy or Misty,27.025847,30.556050000000003,0.799167,18.833968000000002,1557,4419,5976
618,2012-09-09,Fall,2012,September,No,Sunday,No,Clear,25.009999999999998,28.946250000000003,0.5475,15.041232,2570,5657,8227
619,2012-09-10,Fall,2012,September,No,Monday,Yes,Clear,23.916653,28.2827,0.50375,17.333771000000002,1118,6407,7525
620,2012-09-11,Fall,2012,September,No,Tuesday,Yes,Clear,23.677500000000002,27.7146,0.52,6.1676314,1070,6697,7767
621,2012-09-12,Fall,2012,September,No,Wednesday,Yes,Clear,24.565847,28.50375,0.577083,8.833682,1050,6820,7870
622,2012-09-13,Fall,2012,September,No,Thursday,Yes,Clear,25.1125,28.9779,0.637083,5.5422936,1054,6750,7804
623,2012-09-14,Fall,2012,September,No,Friday,Yes,Clear,25.966653,29.704150000000002,0.6725,6.9588209999999995,1379,6630,8009
624,2012-09-15,Fall,2012,September,No,Saturday,No,Clear,24.941653000000002,29.29335,0.501667,16.583907,3160,5554,8714
625,2012-09-16,Fall,2012,September,No,Sunday,No,Clear,23.779999999999998,28.15625,0.57,6.042281099999999,2166,5167,7333
626,2012-09-17,Fall,2012,September,No,Monday,Yes,Cloudy or Misty,23.814153,27.652500000000003,0.734583,10.166713999999999,1022,5847,6869
627,2012-09-18,Fall,2012,September,No,Tuesday,Yes,Cloudy or Misty,25.556653,28.253349999999998,0.8725,23.958329,371,3702,4073
628,2012-09-19,Fall,2012,September,No,Wednesday,Yes,Clear,22.6525,27.0202,0.536667,14.416725,788,6803,7591
629,2012-09-20,Fall,2012,September,No,Thursday,Yes,Clear,22.413347,26.6096,0.618333,7.917189,939,6781,7720
630,2012-09-21,Fall,2012,September,No,Friday,Yes,Clear,24.565847,28.59855,0.66875,10.333343000000001,1250,6917,8167
631,2012-09-22,Fall,2012,September,No,Saturday,No,Clear,26.650000000000002,30.5244,0.646667,19.000061,2512,5883,8395
632,2012-09-23,Winter,2012,September,No,Sunday,No,Clear,21.695847,25.946649999999998,0.467083,14.958286000000001,2454,5453,7907
633,2012-09-24,Winter,2012,September,No,Monday,Yes,Clear,21.080847000000002,25.12565,0.492917,9.541068000000001,1001,6435,7436
634,2012-09-25,Winter,2012,September,No,Tuesday,Yes,Clear,22.55,27.208949999999998,0.57,15.833507,845,6693,7538
635,2012-09-26,Winter,2012,September,No,Wednesday,Yes,Clear,26.035,29.83065,0.630833,16.3748,787,6946,7733
636,2012-09-27,Winter,2012,September,No,Thursday,Yes,Cloudy or Misty,26.650000000000002,30.398750000000003,0.690833,9.000914,751,6642,7393
637,2012-09-28,Winter,2012,September,No,Friday,Yes,Cloudy or Misty,25.385847000000002,29.29315,0.69,10.999993,1045,6370,7415
638,2012-09-29,Winter,2012,September,No,Saturday,No,Clear,22.2425,26.5148,0.542917,15.249468,2589,5966,8555
639,2012-09-30,Winter,2012,September,No,Sunday,No,Clear,21.593347,25.88315,0.583333,9.042186,2015,4874,6889
640,2012-10-01,Winter,2012,October,No,Monday,Yes,Cloudy or Misty,21.354153,25.6,0.649167,6.0838814,763,6015,6778
641,2012-10-02,Winter,2012,October,No,Tuesday,Yes,Light Rain/Snow,24.224153,27.116649999999996,0.871667,6.9998249999999995,315,4324,4639
642,2012-10-03,Winter,2012,October,No,Wednesday,Yes,Cloudy or Misty,26.9575,29.95665,0.79375,4.4585686,728,6844,7572
643,2012-10-04,Winter,2012,October,No,Thursday,Yes,Cloudy or Misty,26.9575,30.398750000000003,0.722917,7.875582,891,6437,7328
644,2012-10-05,Winter,2012,October,No,Friday,Yes,Clear,25.215,29.00935,0.6275,7.12545,1516,6640,8156
645,2012-10-06,Winter,2012,October,No,Saturday,No,Clear,22.720847,26.92605,0.664167,17.957675000000002,3031,4934,7965
646,2012-10-07,Winter,2012,October,No,Sunday,No,Cloudy or Misty,17.049153,20.99065,0.708333,9.457854000000001,781,2729,3510
647,2012-10-08,Winter,2012,October,Yes,Monday,No,Cloudy or Misty,15.716652999999999,19.3804,0.709583,12.708492999999999,874,4604,5478
648,2012-10-09,Winter,2012,October,No,Tuesday,Yes,Cloudy or Misty,18.313347,21.9056,0.761667,12.7501,601,5791,6392
649,2012-10-10,Winter,2012,October,No,Wednesday,Yes,Clear,21.080847000000002,25.1571,0.630833,12.584007,780,6911,7691
650,2012-10-11,Winter,2012,October,No,Thursday,Yes,Clear,17.835,21.55835,0.463333,12.166932000000001,834,6736,7570
651,2012-10-12,Winter,2012,October,No,Friday,Yes,Clear,17.9375,21.65355,0.539167,15.751164,1060,6222,7282
652,2012-10-13,Winter,2012,October,No,Saturday,No,Clear,16.126653,19.5698,0.494583,9.791514,2252,4857,7109
653,2012-10-14,Winter,2012,October,No,Sunday,No,Clear,21.388347,25.4102,0.640417,18.667004000000002,2080,4559,6639
654,2012-10-15,Winter,2012,October,No,Monday,Yes,Cloudy or Misty,23.028347,26.9575,0.7075,19.834478999999998,760,5115,5875
655,2012-10-16,Winter,2012,October,No,Tuesday,Yes,Clear,19.201653,23.042299999999997,0.558333,12.208807,922,6612,7534
656,2012-10-17,Winter,2012,October,No,Wednesday,Yes,Clear,18.689153,22.5054,0.692917,6.791857,979,6482,7461
657,2012-10-18,Winter,2012,October,No,Thursday,Yes,Cloudy or Misty,21.4225,25.63125,0.728333,15.874779,1008,6501,7509
658,2012-10-19,Winter,2012,October,No,Friday,Yes,Cloudy or Misty,23.096653,26.894800000000004,0.815,9.041917999999999,753,4671,5424
659,2012-10-20,Winter,2012,October,No,Saturday,No,Clear,19.850847,23.6421,0.572917,7.874979,2806,5284,8090
660,2012-10-21,Winter,2012,October,No,Sunday,No,Clear,19.030847,22.82145,0.51,11.125618000000001,2132,4692,6824
661,2012-10-22,Winter,2012,October,No,Monday,Yes,Clear,19.9875,24.1471,0.568333,5.4593811,830,6228,7058
662,2012-10-23,Winter,2012,October,No,Tuesday,Yes,Clear,22.310847,26.5152,0.641667,6.3345686,841,6625,7466
663,2012-10-24,Winter,2012,October,No,Wednesday,Yes,Clear,24.087500000000002,27.93605,0.63625,4.8762064,795,6898,7693
664,2012-10-25,Winter,2012,October,No,Thursday,Yes,Cloudy or Misty,22.55,26.4844,0.800417,8.333125,875,6484,7359
665,2012-10-26,Winter,2012,October,No,Friday,Yes,Cloudy or Misty,22.379153000000002,26.137500000000003,0.807083,8.875289,1182,6262,7444
666,2012-10-27,Winter,2012,October,No,Saturday,No,Cloudy or Misty,21.73,25.756649999999997,0.72,15.791364000000002,2643,5209,7852
667,2012-10-28,Winter,2012,October,No,Sunday,No,Cloudy or Misty,19.5775,23.38855,0.694583,26.666535999999997,998,3461,4459
668,2012-10-29,Winter,2012,October,No,Monday,Yes,Light Rain/Snow,18.04,21.97,0.88,23.9994,2,20,22
669,2012-10-30,Winter,2012,October,No,Tuesday,Yes,Cloudy or Misty,13.045462,15.49545,0.825455,14.271603,87,1009,1096
670,2012-10-31,Winter,2012,October,No,Wednesday,Yes,Cloudy or Misty,14.657499999999999,18.055,0.666667,11.166689,419,5147,5566
671,2012-11-01,Winter,2012,November,No,Thursday,Yes,Cloudy or Misty,14.999153000000002,18.4971,0.581667,10.542182,466,5520,5986
672,2012-11-02,Winter,2012,November,No,Friday,Yes,Clear,14.555,17.802100000000003,0.522083,17.833725,618,5229,5847
673,2012-11-03,Winter,2012,November,No,Saturday,No,Cloudy or Misty,14.076653,16.1923,0.49125,18.125443,1029,4109,5138
674,2012-11-04,Winter,2012,November,No,Sunday,No,Clear,13.359153,16.4769,0.532917,12.000236,1201,3906,5107
675,2012-11-05,Winter,2012,November,No,Monday,Yes,Clear,13.085847,15.403749999999999,0.494167,15.833775000000001,378,4881,5259
676,2012-11-06,Winter,2012,November,No,Tuesday,Yes,Clear,11.514153,14.07835,0.567083,11.625371,466,5220,5686
677,2012-11-07,Winter,2012,November,No,Wednesday,Yes,Cloudy or Misty,12.129153,13.73105,0.5475,20.375236,326,4709,5035
678,2012-11-08,Winter,2012,November,No,Thursday,Yes,Clear,14.439134,17.09455,0.333478,23.304945,340,4975,5315
679,2012-11-09,Winter,2012,November,No,Friday,Yes,Clear,14.828347,17.77065,0.540833,14.375386,709,5283,5992
680,2012-11-10,Winter,2012,November,No,Saturday,No,Clear,15.955846999999999,19.696849999999998,0.645417,3.8756686,2090,4446,6536
681,2012-11-11,Winter,2012,November,No,Sunday,No,Clear,17.254153000000002,21.08565,0.659167,8.5425,2290,4562,6852
682,2012-11-12,Winter,2012,November,Yes,Monday,No,Clear,19.884999999999998,23.76915,0.741667,11.625639,1097,5172,6269
683,2012-11-13,Winter,2012,November,No,Tuesday,Yes,Cloudy or Misty,14.076653,16.16125,0.662917,22.917082,327,3767,4094
684,2012-11-14,Winter,2012,November,No,Wednesday,Yes,Clear,11.855847,14.07815,0.552083,13.374875,373,5122,5495
685,2012-11-15,Winter,2012,November,No,Thursday,Yes,Cloudy or Misty,13.188346999999998,16.2246,0.620417,10.250129000000001,320,5125,5445
686,2012-11-16,Winter,2012,November,No,Friday,Yes,Clear,14.145,17.3602,0.524583,11.458675000000001,484,5214,5698
687,2012-11-17,Winter,2012,November,No,Saturday,No,Clear,13.325000000000001,16.31915,0.545417,12.041843,1313,4316,5629
688,2012-11-18,Winter,2012,November,No,Sunday,No,Clear,14.0425,16.8873,0.692917,15.250004,922,3747,4669
689,2012-11-19,Winter,2012,November,No,Monday,Yes,Cloudy or Misty,15.614152999999998,18.78105,0.623333,15.749489,449,5050,5499
690,2012-11-20,Winter,2012,November,No,Tuesday,Yes,Cloudy or Misty,15.340847000000002,19.03335,0.685,5.542575,534,5100,5634
691,2012-11-21,Winter,2012,November,No,Wednesday,Yes,Clear,14.486653,18.2446,0.61375,6.917482000000001,615,4531,5146
692,2012-11-22,Winter,2012,November,Yes,Thursday,No,Clear,13.940000000000001,17.518549999999998,0.580417,3.5423436,955,1470,2425
693,2012-11-23,Winter,2012,November,No,Friday,Yes,Clear,15.101653,18.93895,0.56875,9.917407,1603,2307,3910
694,2012-11-24,Winter,2012,November,No,Saturday,No,Clear,11.411653,12.4371,0.404583,25.250357,532,1745,2277
695,2012-11-25,Winter,2012,November,No,Sunday,No,Clear,10.079153,12.879150000000001,0.468333,10.083499999999999,309,2115,2424
696,2012-11-26,Winter,2012,November,No,Monday,Yes,Clear,12.846652999999998,16.950200000000002,0.535417,3.1255499999999996,337,4750,5087
697,2012-11-27,Winter,2012,November,No,Tuesday,Yes,Cloudy or Misty,11.958347,14.0779,0.786667,15.916654,123,3836,3959
698,2012-11-28,Winter,2012,November,No,Wednesday,Yes,Clear,12.163347,14.488100000000001,0.50625,14.125007,198,5062,5260
699,2012-11-29,Winter,2012,November,No,Thursday,Yes,Clear,11.51567,14.921100000000001,0.555652,7.739974,243,5080,5323
700,2012-11-30,Winter,2012,November,No,Friday,Yes,Clear,12.231653000000001,16.193350000000002,0.649583,3.9175436,362,5306,5668
701,2012-12-01,Winter,2012,December,No,Saturday,No,Cloudy or Misty,12.231653000000001,15.8452,0.806667,4.0001814,951,4240,5191
702,2012-12-02,Winter,2012,December,No,Sunday,No,Cloudy or Misty,14.247499999999999,17.9604,0.823333,8.333393000000001,892,3757,4649
703,2012-12-03,Winter,2012,December,No,Monday,Yes,Clear,18.552500000000002,22.7898,0.7675,5.5422936,555,5679,6234
704,2012-12-04,Winter,2012,December,No,Tuesday,Yes,Clear,19.509153,23.4527,0.73375,11.666643,551,6055,6606
705,2012-12-05,Winter,2012,December,No,Wednesday,Yes,Clear,17.971653,21.4006,0.485,21.709407,331,5398,5729
706,2012-12-06,Winter,2012,December,No,Thursday,Yes,Clear,10.489152999999998,12.9102,0.50875,11.708518,340,5035,5375
707,2012-12-07,Winter,2012,December,No,Friday,Yes,Cloudy or Misty,13.154152999999999,16.097900000000003,0.764167,8.7502,349,4659,5008
708,2012-12-08,Winter,2012,December,No,Saturday,No,Cloudy or Misty,15.648347,19.4754,0.91125,6.792393,1153,4429,5582
709,2012-12-09,Winter,2012,December,No,Sunday,No,Cloudy or Misty,15.750846999999998,19.5073,0.905417,10.584325,441,2787,3228
710,2012-12-10,Winter,2012,December,No,Monday,Yes,Cloudy or Misty,17.869153,21.77875,0.925,12.750636,329,4841,5170
711,2012-12-11,Winter,2012,December,No,Tuesday,Yes,Cloudy or Misty,14.486653,16.91815,0.596667,19.834478999999998,282,5219,5501
712,2012-12-12,Winter,2012,December,No,Wednesday,Yes,Cloudy or Misty,12.1975,14.8669,0.538333,10.916779,310,5009,5319
713,2012-12-13,Winter,2012,December,No,Thursday,Yes,Clear,12.129153,14.7094,0.485833,11.666643,425,5107,5532
714,2012-12-14,Winter,2012,December,No,Friday,Yes,Clear,11.548347,14.7096,0.642917,8.792343,429,5182,5611
715,2012-12-15,Winter,2012,December,No,Saturday,No,Clear,13.290847,16.91915,0.650417,7.12545,767,4280,5047
716,2012-12-16,Winter,2012,December,No,Sunday,No,Cloudy or Misty,14.862499999999999,18.4969,0.83875,6.749714,538,3248,3786
717,2012-12-17,Winter,2012,December,No,Monday,Yes,Cloudy or Misty,16.126653,20.075000000000003,0.907083,6.583306100000001,212,4373,4585
718,2012-12-18,Winter,2012,December,No,Tuesday,Yes,Clear,16.844153,20.485400000000002,0.66625,14.834067999999998,433,5124,5557
719,2012-12-19,Winter,2012,December,No,Wednesday,Yes,Clear,13.6325,17.1081,0.625417,12.334164000000001,333,4934,5267
720,2012-12-20,Winter,2012,December,No,Thursday,Yes,Cloudy or Misty,13.530000000000001,16.760849999999998,0.667917,8.875021,314,3814,4128
721,2012-12-21,Springer,2012,December,No,Friday,Yes,Cloudy or Misty,13.393346999999999,15.08835,0.556667,25.083661000000003,221,3402,3623
722,2012-12-22,Springer,2012,December,No,Saturday,No,Clear,10.899153,11.80565,0.44125,27.292182,205,1544,1749
723,2012-12-23,Springer,2012,December,No,Sunday,No,Clear,10.079153,12.97355,0.515417,8.916561,408,1379,1787
724,2012-12-24,Springer,2012,December,No,Monday,Yes,Cloudy or Misty,9.483464,12.945,0.791304,5.1744368000000005,174,746,920
725,2012-12-25,Springer,2012,December,Yes,Tuesday,No,Cloudy or Misty,11.943464,14.723249999999998,0.734783,11.304642,440,573,1013
726,2012-12-26,Springer,2012,December,No,Wednesday,Yes,Light Rain/Snow,9.976652999999999,11.01665,0.823333,21.208582,9,432,441
727,2012-12-27,Springer,2012,December,No,Thursday,Yes,Cloudy or Misty,10.420846999999998,11.3321,0.652917,23.458911,247,1867,2114
728,2012-12-28,Springer,2012,December,No,Friday,Yes,Cloudy or Misty,10.386652999999999,12.7523,0.59,10.416557,644,2451,3095
729,2012-12-29,Springer,2012,December,No,Saturday,No,Cloudy or Misty,10.386652999999999,12.120000000000001,0.752917,8.333661,159,1182,1341
730,2012-12-30,Springer,2012,December,No,Sunday,No,Clear,10.489152999999998,11.584999999999999,0.483333,23.500518,364,1432,1796
731,2012-12-31,Springer,2012,December,No,Monday,Yes,Cloudy or Misty,8.849153,11.17435,0.5775,10.374682,439,2290,2729
